customer_id,full_name,email,country,signup_date,signup_date_parsed,credit_score,reject_reason
10000,John Rao,johnrao693@gmail.com,,,,200,invalid_signup_date;invalid_balance;missing_account_status;invalid_credit_score
10001,Sara Johnson,sarajohnson105@company.com,USA,2022-02-17,2022-02-17,709,invalid_currency
10002,Alice Smith,alicesmith876@gmail.com,India,2020/07/25,,671,invalid_signup_date
10003,Miguel Shah,miguelshah864@company.com,USA,2021-04-14,2021-04-14,,missing_account_status
10004,Meera Rao,meerarao920@outlook.com,USA,11-01-2022,,718,invalid_signup_date
10005,Karthik Wilson,karthikwilson699@gmail.com,,30/06/2021,,771,invalid_signup_date
10006,Meera Kumar,meerakumar614@gmail.com,India,2022-09-27,2022-09-27,665,invalid_currency
10007,Ravi Shah,ravishah541@company.com,USA,03-09-21,,665,invalid_signup_date
10008,Meera Nguyen,meeranguyen235@gmail.com,USA,05/03/2020,2020-05-03,774,missing_account_status
10009,Sara Singh,sarasingh690@gmail.com,USA,2020/05/04,,726,invalid_signup_date;invalid_currency
10010,Omar Garcia,omargarcia171@yahoo.com,USA,2022/09/21,,,invalid_signup_date
10011,Karthik Shah,karthikshah223@company.com,USA,04-01-23,,,invalid_signup_date;active_requires_verified_kyc;missing_kyc_for_active_account
10013,,user76@gmail.com,,03-12-21,,712,missing_full_name;invalid_signup_date
10015,Arjun Wilson,bad-email@@,USA,28/07/2023,,652,invalid_signup_date;invalid_email
10016,Miguel Kim,miguelkim216@company.com,India,2023-09-27,2023-09-27,694,invalid_balance
10018,Asha Patel,ashapatel696@outlook.com,,2021-11-09,2021-11-09,576,active_requires_verified_kyc;missing_kyc_for_active_account
10019,Nina Lee,ninalee533@gmail.com,,07-11-2023,,646,invalid_signup_date;invalid_currency;active_requires_verified_kyc
10020,Arjun Shah,arjunshah631@yahoo.com,India,04-11-22,,619,invalid_signup_date
10021,Alice Johnson,alicejohnson96@company.com,India,09/10/2023,2023-09-10,,invalid_currency
10022,Li Singh,lisingh915@gmail.com,USA,20-05-2022,,698,invalid_signup_date
10023,Miguel Iyer,migueliyer851@outlook.com,,02-07-2022,,625,invalid_signup_date;missing_account_status
10024,Miguel Garcia,,USA,2021/04/18,,,invalid_signup_date;invalid_currency;active_requires_verified_kyc
10025,John Wilson,johnwilson7@outlook.com,India,2021/09/03,,595,invalid_signup_date;missing_account_status
10026,Arjun Rao,arjunrao638@yahoo.com,,2020/02/25,,,invalid_signup_date;active_requires_verified_kyc
10028,Nina Lee,ninalee172@company.com,USA,,,666,invalid_signup_date;active_requires_verified_kyc
10029,Nina Das,ninadas356@gmail.com,,27/05/2022,,,invalid_signup_date
10030,Ravi Rao,ravirao477@outlook.com,USA,02-06-24,,684,invalid_signup_date
10031,Meera Brown,meerabrown570@company.com,USA,24-11-2022,,594,invalid_signup_date
10032,Nina Brown,ninabrown764@outlook.com,,08/11/2021,2021-08-11,647,active_requires_verified_kyc;missing_kyc_for_active_account
10033,Chen Garcia,chengarcia304@yahoo.com,India,09-01-2022,,686,invalid_signup_date;invalid_balance
10034,Priya Brown,priyabrown117@outlook.com,USA,2022/03/31,,,invalid_signup_date;invalid_currency
10035,Nina Lee,ninalee305@outlook.com,USA,09-17-21,,610,invalid_signup_date
10036,Li Nguyen,bad-email@@,India,18/12/2023,,702,invalid_signup_date;invalid_email;missing_account_status
10037,Ravi Das,ravidas450@company.com,USA,17/08/2022,,643,invalid_signup_date
10038,Asha Wilson,ashawilson591@company.com,USA,2020/12/24,,662,invalid_signup_date
10039,Li Iyer,liiyer466@gmail.com,USA,06/10/2021,2021-06-10,643,missing_account_status
10040,John Lee,johnlee449@company.com,USA,2020-09-05,2020-09-05,791,missing_account_status
10041,Li Johnson,lijohnson484@outlook.com,India,07-24-22,,679,invalid_signup_date;active_requires_verified_kyc
10042,David Rao,davidrao887@outlook.com,USA,07-03-22,,616,invalid_signup_date
10043,Miguel Das,migueldas508@yahoo.com,USA,09-15-20,,729,invalid_signup_date
10044,Li Singh,lisingh978@outlook.com,India,2023/07/07,,,invalid_signup_date
10045,Li Johnson,bad-email@@,USA,23/08/2021,,606,invalid_signup_date;invalid_email;invalid_currency
10046,Priya Shah,priyashah921@gmail.com,USA,08-12-21,,692,invalid_signup_date;active_requires_verified_kyc
10047,Nina Brown,ninabrown23@company.com,USA,2021-07-16,2021-07-16,562,active_requires_verified_kyc
10049,Miguel Johnson,migueljohnson991@outlook.com,India,2021-11-24,2021-11-24,691,invalid_currency;active_requires_verified_kyc;missing_kyc_for_active_account
10050,Sara Shah,sarashah843@outlook.com,India,09-08-2020,,724,invalid_signup_date
10051,Priya Patel,,,2020/10/04,,690,invalid_signup_date
10052,,user876@yahoo.com,India,22/07/2020,,673,missing_full_name;invalid_signup_date
10053,Meera Kumar,meerakumar601@yahoo.com,India,22/04/2021,,661,invalid_signup_date;invalid_balance
10054,Chen Lee,bad-email@@,India,17-04-2020,,591,invalid_signup_date;invalid_email;missing_account_status
10055,Priya Shah,priyashah868@outlook.com,USA,2022-05-23,2022-05-23,,invalid_currency;active_requires_verified_kyc
10056,Arjun Nguyen,arjunnguyen102@outlook.com,USA,09-02-23,,636,invalid_signup_date
10057,Omar Kim,omarkim96@gmail.com,USA,16/07/2020,,652,invalid_signup_date
10058,Sara Patel,sarapatel230@outlook.com,USA,12-18-21,,743,invalid_signup_date;missing_account_status
10059,Ravi Johnson,ravijohnson360@company.com,USA,06-01-2021,,700,invalid_signup_date;missing_account_status
10059,Ravi Johnson,ravijohnson360@company.com,USA,06-01-2021,,700,invalid_signup_date;missing_account_status;duplicate_customer_id
10060,Nina Nguyen,,USA,14-11-2020,,,invalid_signup_date
10061,Alice Johnson,alicejohnson47@company.com,India,2021-13-01,,574,invalid_signup_date
10062,Meera Garcia,meeragarcia74@company.com,USA,2021-13-01,,699,invalid_signup_date;invalid_balance;missing_account_status
10063,Nina Iyer,ninaiyer448@gmail.com,USA,2021/05/13,,656,invalid_signup_date
10064,Asha Shah,ashashah263@yahoo.com,India,12-21-20,,,invalid_signup_date;invalid_currency
10065,Nina Brown,ninabrown451@yahoo.com,USA,2022/08/18,,639,invalid_signup_date
10066,Karthik Singh,karthiksingh461@gmail.com,India,10-20-21,,,invalid_signup_date;active_requires_verified_kyc
10067,Karthik Garcia,karthikgarcia397@company.com,USA,2021-13-01,,716,invalid_signup_date;missing_account_status
10068,Nina Shah,ninashah133@outlook.com,USA,09-26-21,,741,invalid_signup_date;missing_account_status
10069,Sara Das,saradas159@yahoo.com,USA,2021-08-28,2021-08-28,735,invalid_currency;missing_account_status
10070,Ravi Rao,ravirao993@yahoo.com,USA,04/06/2023,2023-04-06,629,active_requires_verified_kyc
10071,Karthik Garcia,karthikgarcia821@yahoo.com,USA,2021-05-27,2021-05-27,661,active_requires_verified_kyc
10072,Miguel Lee,miguellee425@gmail.com,USA,03-22-22,,,invalid_signup_date
10073,,user778@yahoo.com,USA,2021-13-01,,,missing_full_name;invalid_signup_date
10074,Alice Smith,alicesmith65@outlook.com,USA,10-20-22,,699,invalid_signup_date;invalid_currency;active_requires_verified_kyc;missing_kyc_for_active_account
10075,Alice Garcia,alicegarcia400@gmail.com,USA,2020/03/30,,,invalid_signup_date;active_requires_verified_kyc
10076,Sara Garcia,saragarcia713@outlook.com,USA,17-07-2023,,738,invalid_signup_date;invalid_currency;active_requires_verified_kyc
10076,Sara Garcia,saragarcia713@outlook.com,USA,17-07-2023,,738,invalid_signup_date;invalid_currency;active_requires_verified_kyc;duplicate_customer_id
10079,John Patel,johnpatel976@yahoo.com,USA,10-19-20,,613,invalid_signup_date
10080,Chen Patel,chenpatel322@outlook.com,India,2021-13-01,,608,invalid_signup_date;active_requires_verified_kyc
10081,Priya Lee,priyalee177@outlook.com,USA,28/06/2020,,728,invalid_signup_date
10082,Priya Smith,priyasmith823@outlook.com,,09-22-20,,761,invalid_signup_date
10083,Karthik Brown,karthikbrown787@yahoo.com,USA,06-05-22,,675,invalid_signup_date
10084,Karthik Johnson,karthikjohnson515@gmail.com,USA,04-27-23,,740,invalid_signup_date;missing_account_status
10085,David Shah,davidshah510@gmail.com,,16/08/2021,,701,invalid_signup_date;active_requires_verified_kyc
10086,Sara Rao,sararao134@outlook.com,India,11-20-22,,641,invalid_signup_date;active_requires_verified_kyc
10087,Miguel Nguyen,miguelnguyen511@yahoo.com,,2022/08/14,,,invalid_signup_date;active_requires_verified_kyc;missing_kyc_for_active_account
10088,Miguel Wilson,miguelwilson868@gmail.com,USA,01-06-2022,,701,invalid_signup_date;invalid_currency;missing_account_status
10089,Nina Shah,ninashah404@gmail.com,India,11-25-21,,772,invalid_signup_date;invalid_currency
10090,Miguel Nguyen,miguelnguyen608@company.com,India,11-04-22,,677,invalid_signup_date;invalid_currency
10091,Omar Das,omardas739@yahoo.com,USA,2023/04/10,,773,invalid_signup_date
10092,Li Lee,lilee894@outlook.com,USA,16-12-2023,,522,invalid_signup_date
10093,Chen Rao,chenrao286@yahoo.com,,03-09-2021,,729,invalid_signup_date;active_requires_verified_kyc
10094,Miguel Singh,miguelsingh298@yahoo.com,USA,2021-08-12,2021-08-12,685,invalid_currency;missing_account_status
10095,John Shah,johnshah54@yahoo.com,USA,26/04/2022,,abc,invalid_signup_date;missing_account_status;invalid_credit_score
10096,Omar Smith,omarsmith548@yahoo.com,USA,2020/12/24,,662,invalid_signup_date;invalid_currency;invalid_balance;active_requires_verified_kyc
10096,Omar Smith,omarsmith548@yahoo.com,USA,2020/12/24,,662,invalid_signup_date;invalid_currency;duplicate_customer_id
10097,Miguel Brown,miguelbrown911@outlook.com,USA,2022/10/29,,685,invalid_signup_date
10099,Sara Rao,sararao315@outlook.com,USA,04-10-22,,666,invalid_signup_date;invalid_currency
10100,Li Garcia,ligarcia781@yahoo.com,India,10-25-23,,701,invalid_signup_date;missing_account_status
10101,Karthik Iyer,,India,01-08-24,,768,invalid_signup_date
10101,Karthik Iyer,,India,01-08-24,,768,invalid_signup_date;active_requires_verified_kyc;duplicate_customer_id
10103,Miguel Singh,miguelsingh385@outlook.com,USA,10-30-23,,631,invalid_signup_date
10104,Li Garcia,ligarcia254@yahoo.com,USA,09-12-2021,,649,invalid_signup_date;invalid_currency;active_requires_verified_kyc;missing_kyc_for_active_account
10105,,user251@gmail.com,USA,2022/04/03,,734,missing_full_name;invalid_signup_date
10106,Meera Johnson,meerajohnson424@yahoo.com,India,2021-07-17,2021-07-17,699,missing_account_status
10107,Arjun Kumar,arjunkumar247@outlook.com,India,07-09-2021,,648,invalid_signup_date
10108,Li Wilson,liwilson895@gmail.com,USA,01-20-21,,710,invalid_signup_date;active_requires_verified_kyc
10109,Li Nguyen,linguyen566@yahoo.com,India,2021/08/02,,685,invalid_signup_date
10110,Arjun Smith,arjunsmith17@yahoo.com,India,02-07-23,,738,invalid_signup_date
10111,Omar Rao,omarrao174@company.com,USA,01-15-24,,637,invalid_signup_date
10112,Li Kumar,,,22/07/2022,,660,invalid_signup_date
10114,Asha Wilson,,USA,2020/07/10,,,invalid_signup_date;active_requires_verified_kyc
10116,David Kumar,davidkumar694@outlook.com,,2021/11/10,,592,invalid_signup_date;invalid_currency
10117,Chen Brown,,India,2022/07/11,,697,invalid_signup_date
10118,Chen Shah,chenshah110@company.com,USA,11/01/2020,2020-11-01,695,invalid_currency;missing_account_status
10119,Sara Wilson,sarawilson798@outlook.com,USA,01-24-24,,680,invalid_signup_date
10120,Chen Patel,chenpatel609@outlook.com,India,,,665,invalid_signup_date
10121,Li Lee,lilee992@outlook.com,India,2021/08/19,,595,invalid_signup_date;invalid_currency
10122,,user449@yahoo.com,India,2023-11-19,2023-11-19,654,missing_full_name;invalid_currency
10123,Arjun Garcia,arjungarcia557@outlook.com,USA,01-06-22,,659,invalid_signup_date
10124,Arjun Patel,,India,03-30-21,,631,invalid_signup_date;active_requires_verified_kyc;missing_kyc_for_active_account
10125,Alice Patel,alicepatel320@company.com,India,21-07-2022,,,invalid_signup_date;active_requires_verified_kyc
10126,Chen Kumar,chenkumar566@yahoo.com,USA,11-08-21,,670,invalid_signup_date
10127,Meera Johnson,meerajohnson592@gmail.com,USA,04-01-2023,,704,invalid_signup_date
10128,Asha Shah,ashashah689@gmail.com,USA,2021-10-03,2021-10-03,793,missing_account_status
10129,Ravi Garcia,ravigarcia323@yahoo.com,USA,2023-06-22,2023-06-22,690,missing_account_status
10130,Alice Nguyen,,India,2021-08-21,2021-08-21,695,active_requires_verified_kyc;missing_kyc_for_active_account
10131,Chen Smith,chensmith436@yahoo.com,USA,31-08-2023,,675,invalid_signup_date
10132,Nina Shah,ninashah834@yahoo.com,India,05-01-20,,564,invalid_signup_date
10133,Chen Das,chendas888@company.com,USA,07-12-2023,,678,invalid_signup_date;active_requires_verified_kyc
10134,Chen Patel,chenpatel466@company.com,USA,2021-13-01,,683,invalid_signup_date;active_requires_verified_kyc
10135,Sara Wilson,sarawilson580@yahoo.com,USA,2021-13-01,,200,invalid_signup_date;invalid_credit_score
10136,David Kumar,davidkumar671@gmail.com,India,2021-05-27,2021-05-27,827,duplicate_customer_id
10137,Nina Lee,ninalee713@gmail.com,India,2020/09/03,,668,invalid_signup_date;active_requires_verified_kyc
10138,Omar Kumar,,USA,03-06-2023,,698,invalid_signup_date;active_requires_verified_kyc
10139,Arjun Brown,arjunbrown255@gmail.com,,05-15-23,,abc,invalid_signup_date;invalid_credit_score
10139,Arjun Brown,arjunbrown255@gmail.com,,05-15-23,,abc,invalid_signup_date;invalid_credit_score;duplicate_customer_id
10141,John Johnson,johnjohnson519@outlook.com,India,07-11-23,,609,invalid_signup_date
10142,Arjun Nguyen,arjunnguyen318@gmail.com,USA,2021-13-01,,,invalid_signup_date
10143,John Rao,bad-email@@,USA,12-11-21,,748,invalid_signup_date;invalid_email
10144,Nina Shah,,USA,2021-13-01,,725,invalid_signup_date;invalid_balance;active_requires_verified_kyc;missing_kyc_for_active_account
10145,Priya Brown,priyabrown567@gmail.com,USA,04/04/2021,2021-04-04,727,active_requires_verified_kyc;missing_kyc_for_active_account
10146,Alice Kim,alicekim336@company.com,USA,2021-13-01,,625,invalid_signup_date;missing_account_status
10147,Chen Das,bad-email@@,USA,18-02-2020,,abc,invalid_signup_date;invalid_email;invalid_currency;invalid_credit_score
10148,Arjun Iyer,arjuniyer729@yahoo.com,India,2020-07-09,2020-07-09,764,invalid_currency;active_requires_verified_kyc;missing_kyc_for_active_account
10151,David Wilson,bad-email@@,USA,07-15-22,,715,invalid_signup_date;invalid_email
10152,Omar Patel,omarpatel23@gmail.com,USA,2021/02/08,,811,invalid_signup_date
10153,Arjun Kumar,arjunkumar287@company.com,USA,2020-10-31,2020-10-31,620,invalid_currency
10154,Chen Garcia,chengarcia492@company.com,,19/09/2022,,646,invalid_signup_date;invalid_currency
10155,Nina Lee,ninalee273@yahoo.com,,24-04-2020,,685,invalid_signup_date
10156,Sara Nguyen,saranguyen857@yahoo.com,USA,15/01/2023,,,invalid_signup_date;missing_account_status
10157,Ravi Kim,ravikim23@gmail.com,USA,16-04-2023,,649,invalid_signup_date;active_requires_verified_kyc;missing_kyc_for_active_account
10158,Priya Shah,priyashah229@company.com,USA,13/02/2022,,abc,invalid_signup_date;invalid_currency;missing_account_status;invalid_credit_score
10159,Chen Nguyen,chennguyen145@outlook.com,India,08-06-2020,,586,invalid_signup_date
10160,John Singh,johnsingh906@yahoo.com,USA,2022/10/06,,684,invalid_signup_date
10161,Ravi Kim,ravikim347@gmail.com,USA,2023-12-13,2023-12-13,616,invalid_currency
10162,David Johnson,bad-email@@,,2021-13-01,,,invalid_signup_date;invalid_email;active_requires_verified_kyc
10163,David Patel,davidpatel483@outlook.com,USA,15/09/2023,,708,invalid_signup_date
10164,Li Shah,,India,2023/01/13,,624,invalid_signup_date;active_requires_verified_kyc;missing_kyc_for_active_account
10165,Miguel Wilson,miguelwilson124@yahoo.com,USA,20-12-2020,,772,invalid_signup_date;active_requires_verified_kyc
10166,Karthik Singh,karthiksingh940@outlook.com,USA,12-05-23,,633,invalid_signup_date;missing_account_status
10167,David Singh,davidsingh39@outlook.com,USA,2021/07/18,,660,invalid_signup_date;invalid_balance
10168,Asha Iyer,ashaiyer138@yahoo.com,India,26/06/2022,,728,invalid_signup_date
10169,Li Garcia,ligarcia178@gmail.com,India,2021-02-15,2021-02-15,606,active_requires_verified_kyc;missing_kyc_for_active_account
10170,Ravi Wilson,raviwilson168@company.com,India,2023-11-11,2023-11-11,693,invalid_balance
10171,,user230@gmail.com,India,30/05/2023,,758,missing_full_name;invalid_signup_date;invalid_currency;active_requires_verified_kyc
10172,Karthik Shah,karthikshah306@company.com,USA,2022-09-13,2022-09-13,583,invalid_currency
10173,Sara Shah,bad-email@@,USA,28/08/2021,,691,invalid_signup_date;invalid_email
10174,David Wilson,davidwilson301@yahoo.com,USA,22-08-2022,,695,invalid_signup_date
10174,David Wilson,davidwilson301@yahoo.com,USA,22-08-2022,,695,invalid_signup_date;duplicate_customer_id
10175,Nina Johnson,ninajohnson888@gmail.com,USA,25-08-2022,,726,invalid_signup_date
10176,Li Kumar,likumar321@yahoo.com,USA,2020/01/10,,605,invalid_signup_date;active_requires_verified_kyc
10177,,user914@gmail.com,India,2021-13-01,,,missing_full_name;invalid_signup_date;invalid_currency
10178,Alice Wilson,,India,07-22-22,,600,invalid_signup_date;active_requires_verified_kyc
10180,David Iyer,davidiyer309@gmail.com,USA,2023-09-17,2023-09-17,697,active_requires_verified_kyc;missing_kyc_for_active_account
10181,Chen Johnson,chenjohnson721@company.com,USA,2021-13-01,,695,invalid_signup_date;invalid_currency
10182,Ravi Patel,ravipatel927@gmail.com,India,12-08-2023,,700,invalid_signup_date;active_requires_verified_kyc
10183,,user367@company.com,USA,27/06/2023,,639,missing_full_name;invalid_signup_date;active_requires_verified_kyc
10184,Li Rao,,USA,2020/07/31,,693,invalid_signup_date
10185,Arjun Iyer,,India,2021-13-01,,697,invalid_signup_date;invalid_currency;missing_account_status
10186,Omar Rao,omarrao153@outlook.com,,2021-13-01,,637,invalid_signup_date;active_requires_verified_kyc
10187,Karthik Shah,karthikshah471@gmail.com,USA,2023/03/19,,791,invalid_signup_date;invalid_currency
10189,David Garcia,davidgarcia919@gmail.com,USA,05-10-2022,,608,invalid_signup_date
10190,,user791@gmail.com,USA,07-25-22,,719,missing_full_name;invalid_signup_date;active_requires_verified_kyc;missing_kyc_for_active_account
10191,Omar Nguyen,omarnguyen429@outlook.com,India,2021/07/14,,621,invalid_signup_date;missing_account_status
10192,Meera Nguyen,meeranguyen728@yahoo.com,USA,10-28-22,,727,invalid_signup_date;missing_account_status
10194,Arjun Lee,arjunlee710@company.com,USA,2022/02/20,,630,invalid_signup_date
10195,Sara Das,saradas795@yahoo.com,India,2021/08/25,,737,invalid_signup_date
10196,,user158@gmail.com,India,2023-05-07,2023-05-07,704,missing_full_name;invalid_currency;missing_account_status
10197,Karthik Kumar,karthikkumar358@gmail.com,India,12/03/2021,2021-12-03,729,invalid_currency;missing_account_status
10198,John Shah,johnshah396@gmail.com,India,2021-13-01,,793,invalid_signup_date;invalid_currency;missing_account_status
10198,John Shah,johnshah396@gmail.com,India,2021-13-01,,793,invalid_signup_date;invalid_currency;missing_account_status;duplicate_customer_id
10199,Alice Kumar,alicekumar642@gmail.com,USA,07-03-2021,,665,invalid_signup_date
10200,Ravi Das,ravidas933@yahoo.com,India,2022/04/14,,634,invalid_signup_date;active_requires_verified_kyc;missing_kyc_for_active_account
10201,Karthik Patel,karthikpatel289@gmail.com,USA,2022/02/20,,626,invalid_signup_date;missing_account_status
10202,John Garcia,johngarcia6@gmail.com,USA,01-05-23,,631,invalid_signup_date;active_requires_verified_kyc;missing_kyc_for_active_account
10203,Chen Nguyen,chennguyen661@outlook.com,,29/05/2020,,675,invalid_signup_date
10204,Priya Brown,priyabrown580@yahoo.com,India,2021/10/09,,700,invalid_signup_date
10205,Priya Garcia,,USA,28-07-2021,,696,invalid_signup_date;invalid_currency;active_requires_verified_kyc;missing_kyc_for_active_account
10206,John Garcia,johngarcia670@outlook.com,USA,2022/01/19,,729,invalid_signup_date;invalid_currency;missing_account_status
10208,Miguel Smith,,India,07-30-20,,680,invalid_signup_date
10209,Sara Wilson,sarawilson909@outlook.com,USA,24-10-2022,,767,invalid_signup_date
10210,Priya Shah,priyashah663@yahoo.com,USA,2021-13-01,,664,invalid_signup_date
10210,Priya Shah,priyashah663@yahoo.com,USA,2021-13-01,,664,invalid_signup_date;active_requires_verified_kyc;missing_kyc_for_active_account;duplicate_customer_id
10211,Nina Shah,,India,24-06-2020,,843,invalid_signup_date;missing_account_status
10212,Sara Kim,sarakim388@yahoo.com,USA,2021-13-01,,717,invalid_signup_date;invalid_currency
10213,Alice Patel,alicepatel919@gmail.com,USA,2022/12/05,,628,invalid_signup_date;active_requires_verified_kyc
10215,Arjun Nguyen,arjunnguyen774@outlook.com,India,04-26-22,,615,invalid_signup_date
10216,Meera Iyer,meeraiyer220@gmail.com,,31/03/2022,,708,invalid_signup_date
10217,Nina Smith,ninasmith629@outlook.com,,2021-13-01,,666,invalid_signup_date;invalid_currency;invalid_balance;active_requires_verified_kyc
10218,Li Lee,lilee245@company.com,USA,2020-11-18,2020-11-18,722,invalid_currency;missing_account_status
10219,Sara Brown,sarabrown466@yahoo.com,USA,2023-03-23,2023-03-23,708,active_requires_verified_kyc;missing_kyc_for_active_account
10220,Arjun Nguyen,arjunnguyen985@company.com,USA,2023/10/27,,675,invalid_signup_date;invalid_balance
10222,Meera Wilson,meerawilson123@gmail.com,USA,2023/10/16,,589,invalid_signup_date;invalid_currency;missing_account_status
10223,Meera Das,meeradas490@outlook.com,,03-07-20,,653,invalid_signup_date;missing_account_status
10224,Nina Wilson,ninawilson276@yahoo.com,USA,09/06/2023,2023-09-06,731,active_requires_verified_kyc
10226,John Lee,johnlee461@gmail.com,India,16/06/2021,,605,invalid_signup_date
10227,Omar Garcia,omargarcia391@gmail.com,India,07-08-2022,,690,invalid_signup_date
10228,Omar Singh,omarsingh766@company.com,,2022/07/11,,703,invalid_signup_date;invalid_currency;active_requires_verified_kyc
10229,Chen Singh,chensingh269@gmail.com,USA,2020/06/21,,626,invalid_signup_date;invalid_currency
10230,Karthik Iyer,karthikiyer606@yahoo.com,USA,07-16-23,,689,invalid_signup_date
10231,Chen Wilson,chenwilson705@gmail.com,USA,2021-13-01,,683,invalid_signup_date;active_requires_verified_kyc;missing_kyc_for_active_account
10232,Arjun Wilson,arjunwilson641@outlook.com,India,11-24-22,,611,invalid_signup_date;invalid_currency;active_requires_verified_kyc
10233,Li Nguyen,linguyen51@yahoo.com,,15-02-2020,,200,invalid_signup_date;invalid_credit_score
10235,John Lee,johnlee485@yahoo.com,USA,27/10/2023,,713,invalid_signup_date;active_requires_verified_kyc
10235,John Lee,johnlee485@yahoo.com,USA,27/10/2023,,713,invalid_signup_date;duplicate_customer_id
10236,Alice Lee,alicelee814@yahoo.com,India,2023-04-12,2023-04-12,744,invalid_currency;missing_account_status
10237,Chen Shah,,India,13-08-2023,,743,invalid_signup_date
10238,Priya Rao,priyarao195@outlook.com,USA,18/01/2023,,597,invalid_signup_date
10239,,user905@yahoo.com,USA,23/06/2023,,623,missing_full_name;invalid_signup_date;active_requires_verified_kyc
10240,Alice Patel,alicepatel183@yahoo.com,USA,2021-02-17,2021-02-17,710,missing_account_status
10241,,user480@gmail.com,USA,01-09-22,,710,missing_full_name;invalid_signup_date;missing_account_status
10242,Alice Patel,alicepatel198@yahoo.com,,07-09-2023,,710,invalid_signup_date;missing_account_status
10243,Karthik Brown,karthikbrown956@outlook.com,India,10-07-21,,911,invalid_signup_date;invalid_credit_score
10244,Priya Iyer,bad-email@@,USA,2021-13-01,,200,invalid_signup_date;invalid_email;invalid_currency;invalid_credit_score
10245,Miguel Nguyen,bad-email@@,India,15-11-2020,,714,invalid_signup_date;invalid_email;missing_account_status
10246,Asha Kim,ashakim610@gmail.com,India,03-17-20,,748,invalid_signup_date
10247,Omar Singh,,,25/03/2020,,737,invalid_signup_date
10248,Sara Patel,sarapatel269@outlook.com,USA,03-27-22,,719,invalid_signup_date;active_requires_verified_kyc;missing_kyc_for_active_account
10249,Sara Shah,sarashah434@outlook.com,India,14-12-2021,,,invalid_signup_date
10250,Sara Kumar,sarakumar758@gmail.com,USA,05-12-21,,abc,invalid_signup_date;active_requires_verified_kyc;invalid_credit_score
10251,Chen Johnson,chenjohnson712@yahoo.com,USA,02-10-22,,661,invalid_signup_date;missing_account_status
10252,Omar Brown,bad-email@@,USA,2021/04/18,,725,invalid_signup_date;invalid_email;active_requires_verified_kyc
10253,Karthik Johnson,karthikjohnson19@yahoo.com,India,02/11/2023,2023-02-11,633,active_requires_verified_kyc
10254,Miguel Singh,miguelsingh534@outlook.com,India,04-05-2022,,665,invalid_signup_date
10255,Li Kim,likim672@yahoo.com,USA,2021-10-12,2021-10-12,650,active_requires_verified_kyc
10256,David Kumar,davidkumar27@yahoo.com,India,05-25-23,,abc,invalid_signup_date;invalid_credit_score
10257,Priya Iyer,priyaiyer419@gmail.com,USA,2021/07/06,,684,invalid_signup_date;active_requires_verified_kyc;missing_kyc_for_active_account
10258,Asha Singh,ashasingh534@gmail.com,USA,2022/07/13,,818,invalid_signup_date;active_requires_verified_kyc;missing_kyc_for_active_account
10259,David Das,daviddas302@outlook.com,USA,11-14-23,,567,invalid_signup_date
10260,,user904@yahoo.com,USA,03/07/2020,2020-03-07,721,missing_full_name
10261,Karthik Nguyen,karthiknguyen45@outlook.com,USA,11-17-21,,583,invalid_signup_date
10262,John Nguyen,bad-email@@,USA,10-18-22,,651,invalid_signup_date;invalid_email;invalid_currency
10263,Omar Garcia,omargarcia152@yahoo.com,USA,2021-13-01,,745,invalid_signup_date
10264,Omar Rao,omarrao990@yahoo.com,USA,31/03/2023,,683,invalid_signup_date
10265,Arjun Garcia,arjungarcia112@gmail.com,,2020/06/28,,615,invalid_signup_date;invalid_currency
10266,Li Shah,lishah726@yahoo.com,India,2021-01-31,2021-01-31,637,missing_account_status
10267,,user316@gmail.com,India,,,720,missing_full_name;invalid_signup_date;missing_account_status
10268,Chen Smith,chensmith914@outlook.com,,2021/11/17,,636,invalid_signup_date
10269,Ravi Johnson,ravijohnson642@outlook.com,,12-05-20,,692,invalid_signup_date
10270,David Kumar,,USA,,,682,invalid_signup_date;invalid_currency;active_requires_verified_kyc;missing_kyc_for_active_account
10271,Ravi Lee,ravilee5@gmail.com,India,03-31-20,,640,invalid_signup_date
10272,Karthik Brown,karthikbrown153@company.com,USA,2021-13-01,,808,invalid_signup_date
10273,Nina Kim,ninakim30@yahoo.com,USA,2023-10-15,2023-10-15,718,missing_account_status
10274,Alice Kim,alicekim96@yahoo.com,USA,2020/07/18,,558,invalid_signup_date
10275,Miguel Brown,bad-email@@,USA,19/08/2020,,691,invalid_signup_date;invalid_email;missing_account_status
10277,Priya Patel,priyapatel842@gmail.com,USA,26/12/2020,,731,invalid_signup_date;invalid_currency;active_requires_verified_kyc
10277,Priya Patel,priyapatel842@gmail.com,USA,26/12/2020,,731,invalid_signup_date;invalid_currency;active_requires_verified_kyc;duplicate_customer_id
10278,Omar Das,,USA,15-09-2023,,632,invalid_signup_date
10279,Miguel Brown,miguelbrown868@outlook.com,USA,2021-08-25,2021-08-25,,missing_account_status
10280,Li Singh,lisingh679@yahoo.com,USA,30-08-2022,,673,invalid_signup_date
10280,Li Singh,lisingh679@yahoo.com,USA,30-08-2022,,673,invalid_signup_date;duplicate_customer_id
10281,Ravi Patel,ravipatel916@outlook.com,USA,30-06-2023,,710,invalid_signup_date;active_requires_verified_kyc;missing_kyc_for_active_account
10282,Nina Brown,,USA,2023/03/09,,731,invalid_signup_date;missing_account_status
10283,Omar Shah,,,02/04/2023,2023-02-04,abc,active_requires_verified_kyc;missing_kyc_for_active_account;invalid_credit_score
10284,John Rao,johnrao63@company.com,USA,30-03-2023,,999,invalid_signup_date;active_requires_verified_kyc;invalid_credit_score
10285,John Rao,,USA,26-04-2023,,607,invalid_signup_date;invalid_currency
10286,Ravi Wilson,raviwilson244@outlook.com,USA,26-01-2024,,659,invalid_signup_date;invalid_currency
10287,Omar Rao,omarrao13@outlook.com,India,2022/07/08,,651,invalid_signup_date
10288,Nina Singh,ninasingh752@yahoo.com,India,30/11/2022,,abc,invalid_signup_date;invalid_credit_score
10289,David Lee,,USA,04-26-20,,640,invalid_signup_date;invalid_currency
10290,Ravi Kim,,USA,02/06/2021,2021-02-06,785,active_requires_verified_kyc
10291,John Johnson,johnjohnson72@outlook.com,USA,02-14-21,,704,invalid_signup_date;invalid_currency;missing_account_status
10292,Chen Iyer,,USA,2020-10-31,2020-10-31,604,missing_account_status
10293,Chen Patel,bad-email@@,USA,09-05-20,,735,invalid_signup_date;invalid_email;active_requires_verified_kyc
10294,Ravi Garcia,,USA,15-09-2023,,807,invalid_signup_date;invalid_currency;active_requires_verified_kyc
10295,Arjun Patel,arjunpatel547@outlook.com,USA,2020-02-03,2020-02-03,741,missing_account_status
10296,,user929@outlook.com,USA,2021-13-01,,588,missing_full_name;invalid_signup_date
10297,Chen Nguyen,chennguyen346@outlook.com,USA,2021-10-26,2021-10-26,650,active_requires_verified_kyc;missing_kyc_for_active_account
10298,Karthik Kumar,karthikkumar137@gmail.com,USA,07-18-23,,200,invalid_signup_date;missing_account_status;invalid_credit_score
10299,Priya Singh,priyasingh611@gmail.com,USA,2024/01/08,,756,invalid_signup_date;invalid_currency;missing_account_status
10299,Priya Singh,priyasingh611@gmail.com,USA,2024/01/08,,756,invalid_signup_date;invalid_currency;missing_account_status;duplicate_customer_id
10300,Priya Das,priyadas199@gmail.com,USA,2020/11/01,,637,invalid_signup_date
10301,Karthik Kumar,bad-email@@,,2020-08-25,2020-08-25,706,invalid_email
10302,Meera Patel,meerapatel149@outlook.com,India,2023/06/02,,726,invalid_signup_date
10303,Priya Singh,priyasingh619@company.com,USA,07-30-23,,624,invalid_signup_date;missing_account_status
10304,Li Wilson,liwilson914@yahoo.com,USA,2023-03-20,2023-03-20,676,active_requires_verified_kyc;missing_kyc_for_active_account
10305,Chen Smith,chensmith136@yahoo.com,India,28-08-2021,,485,invalid_signup_date;missing_account_status
10306,Asha Brown,ashabrown882@gmail.com,USA,27/02/2022,,618,invalid_signup_date;missing_account_status
10307,Miguel Shah,miguelshah375@outlook.com,USA,2023-06-21,2023-06-21,664,invalid_currency
10308,Li Lee,lilee362@company.com,India,2022/10/28,,605,invalid_signup_date
10309,Li Das,lidas914@yahoo.com,USA,2020-06-27,2020-06-27,777,active_requires_verified_kyc
10310,Omar Garcia,omargarcia455@outlook.com,USA,20-08-2021,,594,invalid_signup_date;invalid_currency;active_requires_verified_kyc;missing_kyc_for_active_account
10311,Priya Iyer,priyaiyer176@company.com,India,2021/04/09,,653,invalid_signup_date
10312,Omar Das,omardas325@gmail.com,USA,21/06/2022,,687,invalid_signup_date
10312,Omar Das,omardas325@gmail.com,USA,21/06/2022,,687,invalid_signup_date;duplicate_customer_id
10313,Priya Das,priyadas160@company.com,USA,01-23-23,,766,invalid_signup_date;missing_account_status
10314,Ravi Shah,ravishah633@outlook.com,India,02/07/2022,2022-02-07,593,invalid_currency
10315,Priya Brown,priyabrown931@gmail.com,India,25-03-2022,,abc,invalid_signup_date;invalid_credit_score
10316,Arjun Das,arjundas747@outlook.com,USA,10-12-20,,749,invalid_signup_date
10317,Karthik Iyer,karthikiyer205@yahoo.com,USA,20/02/2022,,680,invalid_signup_date;missing_account_status
10318,Omar Wilson,omarwilson428@company.com,USA,2021-13-01,,621,invalid_signup_date;missing_account_status
10319,Asha Patel,ashapatel866@gmail.com,India,2021-13-01,,707,invalid_signup_date
10319,Asha Patel,ashapatel866@gmail.com,India,2021-13-01,,707,invalid_signup_date;duplicate_customer_id
10320,Omar Kim,,India,10-07-2023,,691,invalid_signup_date
10321,,user422@outlook.com,India,2020-11-29,2020-11-29,643,missing_full_name;missing_account_status
10322,Miguel Smith,miguelsmith143@company.com,USA,05-08-23,,abc,invalid_signup_date;active_requires_verified_kyc;invalid_credit_score
10323,Alice Singh,alicesingh20@gmail.com,USA,2022-06-02,2022-06-02,684,invalid_currency
10325,Chen Garcia,,USA,03-14-21,,686,invalid_signup_date;active_requires_verified_kyc
10326,Sara Patel,sarapatel781@outlook.com,India,14/12/2023,,719,invalid_signup_date;missing_account_status
10327,Alice Kim,alicekim184@company.com,USA,2023/10/12,,775,invalid_signup_date
10328,Meera Brown,meerabrown126@outlook.com,India,2022/05/19,,605,invalid_signup_date
10328,Meera Brown,meerabrown126@outlook.com,India,2022/05/19,,605,invalid_signup_date;active_requires_verified_kyc;duplicate_customer_id
10329,Alice Patel,alicepatel31@yahoo.com,USA,,,807,invalid_signup_date
10330,Meera Johnson,meerajohnson556@company.com,India,2021-13-01,,562,invalid_signup_date;invalid_balance
10331,Asha Das,ashadas442@outlook.com,USA,2021/10/01,,670,invalid_signup_date;missing_account_status
10332,Arjun Nguyen,arjunnguyen329@company.com,USA,2021-13-01,,715,invalid_signup_date;active_requires_verified_kyc
10333,Meera Lee,meeralee890@gmail.com,India,22/08/2020,,,invalid_signup_date;active_requires_verified_kyc;missing_kyc_for_active_account
10334,Sara Singh,sarasingh828@gmail.com,USA,23-07-2020,,696,invalid_signup_date
10335,David Nguyen,davidnguyen735@gmail.com,USA,27/04/2023,,642,invalid_signup_date;active_requires_verified_kyc
10336,Nina Garcia,ninagarcia903@yahoo.com,USA,07-09-23,,667,invalid_signup_date;invalid_currency;active_requires_verified_kyc
10337,John Garcia,johngarcia155@yahoo.com,India,2022/06/10,,,invalid_signup_date
10338,Alice Kumar,alicekumar476@company.com,USA,2023/02/20,,999,invalid_signup_date;invalid_balance;missing_account_status;invalid_credit_score
10339,David Wilson,,USA,2022-01-14,2022-01-14,650,missing_account_status
10340,Alice Lee,alicelee338@company.com,USA,2021/04/28,,644,invalid_signup_date;missing_account_status
10341,Meera Johnson,meerajohnson487@company.com,India,2021-09-23,2021-09-23,,active_requires_verified_kyc
10342,Asha Lee,ashalee950@outlook.com,India,2021-09-08,2021-09-08,730,invalid_balance;active_requires_verified_kyc
10343,Priya Iyer,priyaiyer735@company.com,USA,24-07-2020,,701,invalid_signup_date
10345,Omar Nguyen,omarnguyen87@yahoo.com,USA,22-01-2022,,200,invalid_signup_date;missing_account_status;invalid_credit_score
10346,John Singh,johnsingh92@yahoo.com,India,12-14-20,,733,invalid_signup_date
10346,John Singh,johnsingh92@yahoo.com,India,12-14-20,,733,invalid_signup_date;active_requires_verified_kyc;duplicate_customer_id
10347,Priya Singh,priyasingh844@yahoo.com,India,28-01-2024,,698,invalid_signup_date;missing_account_status
10348,Asha Brown,ashabrown731@yahoo.com,USA,2023/12/21,,,invalid_signup_date
10349,Nina Rao,bad-email@@,India,10-30-22,,728,invalid_signup_date;invalid_email;active_requires_verified_kyc;missing_kyc_for_active_account
10350,Sara Rao,sararao321@gmail.com,USA,2020/09/18,,717,invalid_signup_date
10352,Asha Kumar,ashakumar185@company.com,USA,07/11/2022,2022-07-11,200,invalid_credit_score
10353,Omar Patel,omarpatel858@gmail.com,India,2020-11-10,2020-11-10,646,missing_account_status
10355,Chen Shah,chenshah754@outlook.com,India,11-03-23,,716,invalid_signup_date
10356,Arjun Shah,bad-email@@,India,07-08-2022,,678,invalid_signup_date;invalid_email;active_requires_verified_kyc
10357,Asha Lee,ashalee565@gmail.com,USA,04-02-20,,,invalid_signup_date;invalid_balance;missing_account_status
10358,Ravi Das,ravidas427@gmail.com,India,10-04-21,,687,invalid_signup_date
10359,John Singh,,USA,2023/09/05,,756,invalid_signup_date
10360,David Patel,bad-email@@,USA,02-02-2020,,644,invalid_signup_date;invalid_email;missing_account_status
10361,Ravi Rao,ravirao21@outlook.com,USA,13-04-2023,,999,invalid_signup_date;invalid_credit_score
10363,Li Lee,lilee602@yahoo.com,India,2023/05/18,,712,invalid_signup_date
10365,Alice Nguyen,alicenguyen265@outlook.com,India,2021-12-28,2021-12-28,666,missing_account_status
10366,Chen Nguyen,chennguyen844@gmail.com,,03-26-20,,745,invalid_signup_date
10367,Ravi Patel,ravipatel788@outlook.com,USA,2021/05/17,,,invalid_signup_date
10368,Ravi Das,ravidas975@outlook.com,,29/10/2023,,729,invalid_signup_date
10369,Omar Kumar,omarkumar430@company.com,USA,10-26-23,,728,invalid_signup_date;invalid_currency;missing_account_status
10370,Nina Shah,ninashah795@outlook.com,India,2021-13-01,,758,invalid_signup_date
10370,Nina Shah,ninashah795@outlook.com,India,2021-13-01,,758,invalid_signup_date;duplicate_customer_id
10371,Ravi Smith,,,28/04/2023,,681,invalid_signup_date;active_requires_verified_kyc
10371,Ravi Smith,,,28/04/2023,,681,invalid_signup_date;duplicate_customer_id
10372,Nina Rao,,India,04-28-21,,720,invalid_signup_date
10373,Meera Patel,meerapatel466@company.com,USA,2020/10/27,,,invalid_signup_date;invalid_currency
10374,Arjun Wilson,arjunwilson451@outlook.com,USA,2024/02/07,,661,invalid_signup_date;invalid_currency;missing_account_status
10375,Alice Nguyen,alicenguyen586@company.com,India,03-23-20,,699,invalid_signup_date
10376,Asha Rao,asharao70@company.com,USA,2022/05/05,,672,invalid_signup_date;missing_account_status
10377,Li Brown,,USA,04-03-2022,,,invalid_signup_date;active_requires_verified_kyc
10378,Omar Patel,omarpatel981@gmail.com,,,,685,invalid_signup_date;invalid_currency
10380,Nina Brown,ninabrown400@company.com,USA,17-10-2021,,630,invalid_signup_date
10381,David Smith,davidsmith496@gmail.com,USA,,,805,invalid_signup_date;missing_account_status
10382,Ravi Brown,ravibrown551@yahoo.com,USA,2021-13-01,,619,invalid_signup_date
10383,Sara Wilson,sarawilson47@company.com,USA,12-29-22,,607,invalid_signup_date
10384,Chen Rao,chenrao350@company.com,India,07-30-22,,749,invalid_signup_date
10386,Omar Kim,omarkim828@company.com,India,2021/04/24,,717,invalid_signup_date;active_requires_verified_kyc
10387,Meera Shah,meerashah67@yahoo.com,USA,13-05-2020,,717,invalid_signup_date
10388,,user875@gmail.com,India,2022/06/04,,679,missing_full_name;invalid_signup_date;invalid_balance
10389,Miguel Nguyen,miguelnguyen707@yahoo.com,USA,01-06-2020,,,invalid_signup_date
10390,Meera Patel,meerapatel842@gmail.com,India,30-11-2022,,626,invalid_signup_date;missing_account_status
10391,Ravi Smith,ravismith626@company.com,USA,2020-05-14,2020-05-14,684,active_requires_verified_kyc
10392,Miguel Nguyen,miguelnguyen465@gmail.com,,11-03-21,,639,invalid_signup_date;invalid_currency
10393,Meera Kumar,meerakumar599@company.com,USA,16/11/2022,,738,invalid_signup_date
10394,Asha Wilson,ashawilson201@company.com,India,04-08-2023,,671,invalid_signup_date;missing_account_status
10395,Miguel Das,migueldas655@gmail.com,India,20-11-2023,,630,invalid_signup_date;active_requires_verified_kyc
10396,Ravi Johnson,ravijohnson45@company.com,USA,11-02-2021,,660,invalid_signup_date
10397,Ravi Singh,ravisingh959@company.com,India,2021/09/16,,704,invalid_signup_date;missing_account_status
10398,Arjun Rao,arjunrao944@yahoo.com,USA,06-15-23,,646,invalid_signup_date
10399,Chen Shah,chenshah770@outlook.com,,2022/02/05,,630,invalid_signup_date
10400,Miguel Lee,miguellee314@yahoo.com,USA,02-11-22,,694,invalid_signup_date;invalid_currency
10401,Arjun Iyer,arjuniyer325@outlook.com,India,2022-02-22,2022-02-22,694,missing_account_status
10402,Karthik Lee,karthiklee310@company.com,India,01-25-21,,649,invalid_signup_date;active_requires_verified_kyc
10403,,user887@yahoo.com,USA,11-04-2021,,651,missing_full_name;invalid_signup_date
10404,Priya Iyer,bad-email@@,USA,28-03-2023,,693,invalid_signup_date;invalid_email
10405,John Nguyen,johnnguyen976@yahoo.com,India,03-09-23,,593,invalid_signup_date;active_requires_verified_kyc;missing_kyc_for_active_account
10406,Alice Kumar,,,2020-12-29,2020-12-29,,invalid_currency
10407,John Brown,johnbrown401@outlook.com,USA,14-08-2020,,,invalid_signup_date
10408,David Nguyen,davidnguyen283@outlook.com,India,16-01-2020,,595,invalid_signup_date;missing_account_status
10409,Asha Rao,asharao426@yahoo.com,India,01-02-21,,636,invalid_signup_date
10411,Li Iyer,liiyer407@yahoo.com,USA,22/01/2020,,698,invalid_signup_date
10411,Li Iyer,liiyer407@yahoo.com,USA,22/01/2020,,698,invalid_signup_date;active_requires_verified_kyc;duplicate_customer_id
10412,Ravi Wilson,,USA,28/12/2020,,999,invalid_signup_date;invalid_credit_score
10414,John Singh,,USA,21-11-2021,,768,invalid_signup_date
10415,Meera Kim,meerakim238@gmail.com,India,,,abc,invalid_signup_date;invalid_credit_score
10416,Arjun Johnson,arjunjohnson730@gmail.com,,11-03-2023,,731,invalid_signup_date
10417,John Nguyen,johnnguyen516@yahoo.com,USA,2021-04-21,2021-04-21,670,missing_account_status
10418,Meera Kim,meerakim757@outlook.com,India,01/10/2020,2020-01-10,,active_requires_verified_kyc
10420,Nina Garcia,ninagarcia520@yahoo.com,USA,2022/05/22,,678,invalid_signup_date
10421,Sara Singh,sarasingh518@outlook.com,USA,2021-13-01,,619,invalid_signup_date
10422,Arjun Garcia,arjungarcia733@yahoo.com,USA,,,678,invalid_signup_date
10423,Alice Singh,alicesingh395@gmail.com,USA,2021/02/01,,662,invalid_signup_date
10424,Sara Shah,bad-email@@,USA,06-19-21,,699,invalid_signup_date;invalid_email
10426,Arjun Rao,arjunrao2@outlook.com,USA,2020/05/23,,711,invalid_signup_date
10427,Li Kumar,likumar452@outlook.com,USA,27-07-2023,,200,invalid_signup_date;invalid_credit_score
10428,Chen Smith,,,2020/01/15,,771,invalid_signup_date
10429,Omar Singh,omarsingh895@company.com,India,2020-07-24,2020-07-24,673,missing_account_status
10431,Asha Rao,asharao622@company.com,India,29-12-2023,,721,invalid_signup_date
10432,Priya Shah,priyashah772@yahoo.com,USA,,,655,invalid_signup_date
10433,Karthik Shah,karthikshah893@company.com,India,03-25-23,,693,invalid_signup_date;missing_account_status
10434,Nina Kim,ninakim131@company.com,India,02-17-22,,680,invalid_signup_date;active_requires_verified_kyc
10435,Meera Patel,meerapatel324@outlook.com,USA,30-08-2021,,685,invalid_signup_date;active_requires_verified_kyc;missing_kyc_for_active_account
10436,Omar Wilson,omarwilson61@outlook.com,India,08-11-2020,,633,invalid_signup_date
10437,Sara Singh,sarasingh401@outlook.com,USA,17/12/2022,,681,invalid_signup_date;invalid_currency
10439,Alice Garcia,alicegarcia643@yahoo.com,USA,2021-05-16,2021-05-16,767,active_requires_verified_kyc;missing_kyc_for_active_account;duplicate_customer_id
10440,Alice Patel,,USA,08-06-23,,737,invalid_signup_date;active_requires_verified_kyc;missing_kyc_for_active_account
10441,Alice Rao,alicerao416@yahoo.com,USA,03-17-22,,809,invalid_signup_date;invalid_currency;missing_account_status
10442,John Garcia,johngarcia132@gmail.com,India,29-08-2023,,633,invalid_signup_date
10443,Karthik Kim,karthikkim144@outlook.com,USA,24/11/2023,,732,invalid_signup_date
10444,Nina Garcia,ninagarcia747@yahoo.com,USA,06-01-20,,691,invalid_signup_date
10445,Li Shah,lishah430@yahoo.com,USA,2021/10/09,,811,invalid_signup_date;missing_account_status
10446,Chen Lee,chenlee388@yahoo.com,USA,09-09-2020,,631,invalid_signup_date
10447,Chen Singh,chensingh489@outlook.com,USA,2021-06-14,2021-06-14,629,invalid_currency
10448,Priya Kumar,priyakumar515@outlook.com,India,2021/07/18,,644,invalid_signup_date;active_requires_verified_kyc
10449,Ravi Nguyen,,India,,,552,invalid_signup_date
10450,,user732@gmail.com,USA,12-09-23,,648,missing_full_name;invalid_signup_date;invalid_currency;missing_account_status
10451,Ravi Patel,ravipatel976@company.com,USA,2022/05/15,,634,invalid_signup_date;invalid_balance;missing_account_status
10452,Meera Kim,meerakim958@gmail.com,USA,2021-13-01,,,invalid_signup_date;active_requires_verified_kyc
10453,Alice Singh,alicesingh421@yahoo.com,USA,2022-09-25,2022-09-25,689,active_requires_verified_kyc
10454,Sara Rao,sararao114@yahoo.com,India,2021-08-06,2021-08-06,700,active_requires_verified_kyc
10456,David Iyer,,USA,05-22-21,,792,invalid_signup_date
10457,Asha Nguyen,ashanguyen136@gmail.com,USA,19/03/2020,,737,invalid_signup_date
10458,John Garcia,johngarcia276@gmail.com,India,28/07/2021,,999,invalid_signup_date;invalid_credit_score
10459,David Patel,,USA,10-30-23,,645,invalid_signup_date;missing_account_status
10460,Ravi Shah,ravishah198@yahoo.com,USA,2020-07-21,2020-07-21,626,invalid_currency;missing_account_status
10461,Miguel Brown,miguelbrown70@outlook.com,USA,05-08-22,,,invalid_signup_date;invalid_currency;missing_account_status
10462,Li Lee,lilee170@gmail.com,USA,2022/11/09,,200,invalid_signup_date;invalid_currency;missing_account_status;invalid_credit_score
10463,Asha Lee,ashalee176@gmail.com,India,04-03-20,,709,invalid_signup_date;invalid_balance
10464,Sara Brown,,,24-06-2021,,600,invalid_signup_date;invalid_balance
10465,Chen Das,chendas969@outlook.com,India,07-06-23,,789,invalid_signup_date;active_requires_verified_kyc
10466,Ravi Iyer,raviiyer584@yahoo.com,USA,,,750,invalid_signup_date;missing_account_status
10467,Karthik Kumar,karthikkumar387@gmail.com,USA,2020-02-12,2020-02-12,651,active_requires_verified_kyc
10468,Alice Garcia,alicegarcia208@gmail.com,USA,09-10-22,,577,invalid_signup_date;missing_account_status
10469,Miguel Wilson,bad-email@@,India,19-02-2020,,761,invalid_signup_date;invalid_email
10470,Nina Brown,,USA,03-29-20,,673,invalid_signup_date
10471,Chen Kim,chenkim883@gmail.com,USA,05-09-2023,,754,invalid_signup_date
10472,Arjun Brown,arjunbrown617@outlook.com,India,10-10-2020,,584,invalid_signup_date
10473,Alice Lee,alicelee372@gmail.com,,28-08-2022,,644,invalid_signup_date
10474,Meera Smith,meerasmith387@yahoo.com,USA,2023/11/26,,680,invalid_signup_date;invalid_balance
10475,Ravi Iyer,raviiyer482@company.com,USA,19/01/2024,,,invalid_signup_date;active_requires_verified_kyc
10476,,user568@outlook.com,India,03-17-23,,682,missing_full_name;invalid_signup_date;active_requires_verified_kyc
10477,Nina Wilson,,USA,04/09/2022,2022-04-09,652,active_requires_verified_kyc
10478,,user217@gmail.com,USA,25-09-2021,,,missing_full_name;invalid_signup_date
10479,,,India,18/01/2020,,717,missing_full_name;invalid_signup_date
10480,Chen Kumar,,USA,09-03-22,,615,invalid_signup_date;active_requires_verified_kyc
10481,Karthik Garcia,karthikgarcia459@company.com,USA,25/11/2021,,671,invalid_signup_date;active_requires_verified_kyc
10482,Alice Das,,India,2023-01-25,2023-01-25,687,missing_account_status
10483,Chen Kim,chenkim996@gmail.com,USA,22/03/2020,,710,invalid_signup_date;invalid_currency
10484,Miguel Kim,bad-email@@,USA,2021-13-01,,722,invalid_signup_date;invalid_email
10485,Miguel Wilson,miguelwilson940@gmail.com,USA,06-06-2022,,612,invalid_signup_date
10486,Nina Smith,ninasmith959@gmail.com,India,2022/05/30,,,invalid_signup_date;active_requires_verified_kyc
10487,Li Iyer,liiyer189@company.com,USA,2020/07/08,,587,invalid_signup_date;invalid_currency;active_requires_verified_kyc;missing_kyc_for_active_account
10488,John Garcia,johngarcia741@gmail.com,USA,2021-13-01,,756,invalid_signup_date
10489,Asha Kumar,ashakumar38@gmail.com,India,2021/01/19,,699,invalid_signup_date;invalid_balance
10490,Asha Patel,ashapatel424@outlook.com,USA,21/12/2021,,635,invalid_signup_date
10492,Priya Garcia,priyagarcia974@outlook.com,USA,2021/12/19,,999,invalid_signup_date;invalid_credit_score
10493,John Kim,bad-email@@,USA,10/11/2020,2020-10-11,686,invalid_email;missing_account_status
10494,Nina Singh,ninasingh413@yahoo.com,India,25-11-2022,,750,invalid_signup_date;active_requires_verified_kyc
10495,,user586@gmail.com,USA,21-02-2020,,684,missing_full_name;invalid_signup_date
10496,Omar Smith,omarsmith654@gmail.com,USA,2020/08/15,,803,invalid_signup_date
10497,Priya Shah,,USA,07/02/2022,2022-07-02,785,missing_account_status
10498,Nina Garcia,,,,,,invalid_signup_date;invalid_balance;missing_account_status
10499,Li Rao,lirao205@outlook.com,USA,12-14-21,,665,invalid_signup_date;invalid_currency
10499,Li Rao,lirao205@outlook.com,USA,12-14-21,,665,invalid_signup_date;invalid_currency;invalid_balance;duplicate_customer_id
10500,Nina Johnson,ninajohnson444@outlook.com,USA,05-17-22,,738,invalid_signup_date;invalid_currency;missing_account_status
10501,Arjun Johnson,arjunjohnson408@company.com,USA,22-08-2020,,718,invalid_signup_date
10502,,user921@company.com,India,2023-02-24,2023-02-24,762,missing_full_name;missing_account_status
10503,John Das,bad-email@@,India,2022-05-12,2022-05-12,622,invalid_email
10504,Arjun Smith,arjunsmith346@gmail.com,USA,2020/05/22,,721,invalid_signup_date
10505,Priya Wilson,priyawilson961@company.com,USA,2021-13-01,,,invalid_signup_date;active_requires_verified_kyc
10507,Miguel Wilson,miguelwilson685@outlook.com,USA,12-04-22,,574,invalid_signup_date;active_requires_verified_kyc
10508,Li Wilson,liwilson62@outlook.com,India,27-01-2020,,609,invalid_signup_date;invalid_currency;missing_account_status
10509,Ravi Lee,ravilee889@outlook.com,,2021/02/19,,557,invalid_signup_date;invalid_balance;active_requires_verified_kyc
10510,John Iyer,johniyer122@company.com,,21/06/2020,,663,invalid_signup_date
10512,Arjun Patel,arjunpatel508@company.com,India,16-12-2020,,770,invalid_signup_date;missing_account_status
10513,Sara Kim,sarakim439@outlook.com,India,12-02-2020,,999,invalid_signup_date;active_requires_verified_kyc;missing_kyc_for_active_account;invalid_credit_score
10513,Sara Kim,sarakim439@outlook.com,India,12-02-2020,,999,invalid_signup_date;active_requires_verified_kyc;missing_kyc_for_active_account;invalid_credit_score;duplicate_customer_id
10514,David Wilson,davidwilson794@yahoo.com,USA,23/07/2020,,684,invalid_signup_date;invalid_currency;active_requires_verified_kyc
10515,Asha Wilson,ashawilson277@gmail.com,,2024-01-31,2024-01-31,777,active_requires_verified_kyc
10516,Arjun Shah,,India,07-07-23,,597,invalid_signup_date;invalid_currency
10517,Asha Nguyen,ashanguyen296@company.com,USA,2020/01/18,,577,invalid_signup_date;invalid_balance;missing_account_status
10518,Asha Nguyen,ashanguyen441@gmail.com,India,2021-13-01,,676,invalid_signup_date;missing_account_status
10519,Miguel Patel,bad-email@@,India,2021/05/24,,,invalid_signup_date;invalid_email;invalid_currency
10520,Chen Lee,chenlee309@yahoo.com,India,24/06/2020,,703,invalid_signup_date
10521,Sara Singh,sarasingh29@outlook.com,,2020/02/24,,678,invalid_signup_date
10521,Sara Singh,sarasingh29@outlook.com,,2020/02/24,,678,invalid_signup_date;duplicate_customer_id
10522,Omar Smith,omarsmith860@outlook.com,USA,2020-06-22,2020-06-22,555,invalid_currency;missing_account_status
10523,John Rao,johnrao140@outlook.com,India,15-10-2023,,abc,invalid_signup_date;invalid_currency;active_requires_verified_kyc;missing_kyc_for_active_account;invalid_credit_score
10524,Karthik Patel,karthikpatel853@gmail.com,,2021-13-01,,674,invalid_signup_date
10525,Omar Smith,omarsmith175@yahoo.com,,12-03-23,,601,invalid_signup_date
10526,,user595@gmail.com,India,03-10-20,,720,missing_full_name;invalid_signup_date;active_requires_verified_kyc
10527,Li Garcia,ligarcia361@yahoo.com,India,30-07-2022,,701,invalid_signup_date;invalid_currency
10527,Li Garcia,ligarcia361@yahoo.com,India,30-07-2022,,701,invalid_signup_date;invalid_currency;active_requires_verified_kyc;missing_kyc_for_active_account;duplicate_customer_id
10528,Karthik Johnson,karthikjohnson599@company.com,USA,2021-13-01,,623,invalid_signup_date
10529,Arjun Das,arjundas627@gmail.com,India,2020-08-22,2020-08-22,649,invalid_currency
10530,David Iyer,davidiyer760@yahoo.com,USA,06-07-22,,616,invalid_signup_date;invalid_currency
10531,Sara Kumar,sarakumar195@outlook.com,India,2023/03/14,,676,invalid_signup_date;invalid_currency
10532,Alice Iyer,aliceiyer24@company.com,India,16/08/2021,,737,invalid_signup_date;missing_account_status
10534,Alice Singh,alicesingh909@gmail.com,,07-09-2022,,,invalid_signup_date;missing_account_status
10535,,,India,12-30-22,,710,missing_full_name;invalid_signup_date;invalid_currency;active_requires_verified_kyc
10536,Sara Brown,sarabrown244@gmail.com,India,2021-13-01,,648,invalid_signup_date;missing_account_status
10537,Ravi Iyer,bad-email@@,India,18-05-2023,,632,invalid_signup_date;invalid_email;active_requires_verified_kyc
10538,David Brown,davidbrown540@yahoo.com,India,10-15-21,,673,invalid_signup_date
10539,Li Wilson,bad-email@@,India,2023/12/01,,617,invalid_signup_date;invalid_email
10540,Asha Singh,bad-email@@,India,15-02-2022,,646,invalid_signup_date;invalid_email;active_requires_verified_kyc;missing_kyc_for_active_account
10541,Asha Nguyen,ashanguyen827@gmail.com,USA,2023/02/07,,608,invalid_signup_date;active_requires_verified_kyc;missing_kyc_for_active_account
10542,Miguel Lee,bad-email@@,India,24-06-2020,,797,invalid_signup_date;invalid_email
10543,Sara Wilson,sarawilson18@outlook.com,USA,2021-13-01,,682,invalid_signup_date
10544,David Das,daviddas131@outlook.com,India,14-07-2023,,,invalid_signup_date
10545,Li Johnson,bad-email@@,India,2023-01-11,2023-01-11,,invalid_email
10546,Omar Singh,omarsingh622@company.com,India,2021/11/17,,638,invalid_signup_date;invalid_currency
10547,Sara Garcia,saragarcia963@company.com,India,2021-13-01,,692,invalid_signup_date
10548,Arjun Garcia,arjungarcia622@gmail.com,USA,09-12-23,,673,invalid_signup_date
10549,Priya Rao,priyarao361@gmail.com,,2022-11-01,2022-11-01,666,invalid_currency;missing_account_status
10549,Priya Rao,priyarao361@gmail.com,,2022-11-01,2022-11-01,666,invalid_currency;missing_account_status;duplicate_customer_id
10550,David Brown,davidbrown518@outlook.com,USA,2023/03/25,,200,invalid_signup_date;active_requires_verified_kyc;invalid_credit_score
10551,John Rao,johnrao926@outlook.com,USA,26-12-2021,,716,invalid_signup_date
10552,Priya Kim,priyakim297@outlook.com,USA,04-12-2023,,725,invalid_signup_date
10554,Li Lee,lilee102@company.com,India,06-08-2021,,645,invalid_signup_date
10555,Karthik Das,karthikdas983@gmail.com,,2021-13-01,,abc,invalid_signup_date;invalid_credit_score
10556,Alice Rao,alicerao911@outlook.com,USA,07/10/2022,2022-07-10,663,active_requires_verified_kyc
10557,Omar Das,,India,2020/03/19,,541,invalid_signup_date
10558,Ravi Iyer,raviiyer135@company.com,India,2023-07-24,2023-07-24,abc,invalid_credit_score
10559,Omar Nguyen,omarnguyen899@yahoo.com,India,19/04/2021,,589,invalid_signup_date
10560,Alice Kumar,alicekumar356@gmail.com,USA,14-12-2023,,762,invalid_signup_date
10561,Sara Johnson,sarajohnson436@outlook.com,USA,2021-06-17,2021-06-17,778,invalid_currency;active_requires_verified_kyc
10564,Arjun Shah,arjunshah883@company.com,USA,2020-06-05,2020-06-05,abc,invalid_currency;missing_account_status;invalid_credit_score
10565,Chen Brown,chenbrown281@company.com,USA,2021-02-19,2021-02-19,698,active_requires_verified_kyc;missing_kyc_for_active_account
10566,Li Singh,lisingh464@gmail.com,India,2023-03-29,2023-03-29,864,invalid_credit_score
10567,Alice Kumar,alicekumar61@yahoo.com,USA,2021/05/31,,747,invalid_signup_date
10569,Asha Garcia,bad-email@@,USA,10/06/2022,2022-10-06,622,invalid_email;missing_account_status
10570,Nina Johnson,ninajohnson950@company.com,USA,12-02-20,,583,invalid_signup_date;active_requires_verified_kyc
10571,Priya Nguyen,priyanguyen354@yahoo.com,USA,29/01/2021,,692,invalid_signup_date;active_requires_verified_kyc
10572,David Kumar,davidkumar339@outlook.com,India,,,634,invalid_signup_date;missing_account_status
10573,Chen Iyer,cheniyer513@company.com,USA,05-08-21,,594,invalid_signup_date
10574,Asha Singh,ashasingh702@company.com,USA,2023/02/16,,641,invalid_signup_date
10575,Meera Iyer,meeraiyer337@company.com,USA,,,615,invalid_signup_date
10576,Miguel Iyer,migueliyer178@outlook.com,USA,08-19-23,,,invalid_signup_date
10577,Li Smith,lismith874@company.com,India,09-03-23,,781,invalid_signup_date
10578,Asha Shah,ashashah747@yahoo.com,India,20-06-2020,,732,invalid_signup_date;active_requires_verified_kyc
10580,Miguel Wilson,miguelwilson318@yahoo.com,USA,15/02/2022,,768,invalid_signup_date;invalid_currency
10581,Chen Shah,chenshah38@yahoo.com,USA,11-14-20,,684,invalid_signup_date
10582,Chen Lee,chenlee945@gmail.com,USA,24-11-2022,,628,invalid_signup_date;invalid_balance;active_requires_verified_kyc
10583,Sara Shah,sarashah314@company.com,USA,,,771,invalid_signup_date
10584,David Smith,davidsmith432@gmail.com,USA,,,712,invalid_signup_date;missing_account_status
10584,David Smith,davidsmith432@gmail.com,USA,,,712,invalid_signup_date;missing_account_status;duplicate_customer_id
10586,,user716@outlook.com,India,2022/08/25,,668,missing_full_name;invalid_signup_date
10587,Karthik Patel,karthikpatel228@gmail.com,USA,26/04/2021,,,invalid_signup_date;missing_account_status
10588,Alice Brown,alicebrown292@yahoo.com,India,2021-13-01,,627,invalid_signup_date;missing_account_status
10589,John Kumar,johnkumar703@outlook.com,USA,2020/01/24,,597,invalid_signup_date;active_requires_verified_kyc;missing_kyc_for_active_account
10590,Karthik Brown,,USA,05-18-22,,,invalid_signup_date;invalid_currency;active_requires_verified_kyc
10591,Priya Singh,,India,2020-03-22,2020-03-22,,invalid_currency;missing_account_status
10592,David Brown,davidbrown652@company.com,USA,2023-05-05,2023-05-05,735,active_requires_verified_kyc
10593,Meera Kim,meerakim42@outlook.com,USA,2021-13-01,,794,invalid_signup_date
10594,John Kumar,johnkumar857@gmail.com,USA,26-08-2020,,596,invalid_signup_date;active_requires_verified_kyc
10595,Omar Smith,omarsmith280@company.com,USA,2021-13-01,,713,invalid_signup_date;invalid_currency;missing_account_status
10596,Li Nguyen,linguyen555@company.com,USA,2021-13-01,,640,invalid_signup_date
10597,Nina Patel,ninapatel86@company.com,India,20/12/2022,,650,invalid_signup_date;missing_account_status
10598,Priya Lee,priyalee622@outlook.com,USA,2020/07/17,,644,invalid_signup_date;active_requires_verified_kyc;missing_kyc_for_active_account
10599,Omar Patel,omarpatel515@company.com,,2022/12/26,,628,invalid_signup_date
10601,John Rao,johnrao566@outlook.com,,30-01-2021,,630,invalid_signup_date
10601,John Rao,johnrao566@outlook.com,,30-01-2021,,630,invalid_signup_date;duplicate_customer_id
10602,Priya Lee,priyalee823@gmail.com,India,22-11-2020,,,invalid_signup_date
10603,Miguel Rao,miguelrao450@gmail.com,USA,2024-01-26,2024-01-26,696,invalid_currency;missing_account_status
10604,Alice Rao,alicerao146@company.com,India,15-09-2022,,676,invalid_signup_date
10605,Nina Smith,ninasmith27@company.com,India,01-29-22,,665,invalid_signup_date;invalid_currency
10606,Arjun Johnson,bad-email@@,India,,,625,invalid_signup_date;invalid_email;invalid_currency;missing_account_status
10607,Sara Garcia,saragarcia664@outlook.com,USA,2022/12/11,,,invalid_signup_date;active_requires_verified_kyc
10608,Omar Lee,omarlee861@gmail.com,,12-04-2021,,645,invalid_signup_date
10609,Karthik Lee,karthiklee707@yahoo.com,India,2021/04/12,,725,invalid_signup_date;invalid_currency;active_requires_verified_kyc
10610,Alice Garcia,alicegarcia202@gmail.com,USA,2020/08/26,,710,invalid_signup_date;missing_account_status
10611,Chen Shah,chenshah258@gmail.com,USA,16/05/2023,,621,invalid_signup_date
10612,Alice Das,alicedas915@company.com,,2022/08/21,,685,invalid_signup_date;active_requires_verified_kyc
10613,Karthik Johnson,karthikjohnson702@gmail.com,India,02-06-2023,,725,invalid_signup_date
10614,David Lee,davidlee380@company.com,USA,19/09/2021,,579,invalid_signup_date
10615,Chen Johnson,,India,03/03/2021,2021-03-03,712,missing_account_status
10616,Sara Rao,sararao975@outlook.com,USA,2023/09/12,,640,invalid_signup_date
10617,Ravi Kim,ravikim845@outlook.com,USA,11-04-20,,,invalid_signup_date
10618,Ravi Das,ravidas981@company.com,India,02-07-2022,,714,invalid_signup_date
10619,Priya Das,,,05-03-20,,634,invalid_signup_date;invalid_currency
10620,Karthik Das,,USA,2022-11-17,2022-11-17,571,active_requires_verified_kyc
10621,Sara Iyer,saraiyer911@outlook.com,USA,04-02-22,,abc,invalid_signup_date;invalid_currency;invalid_credit_score
10621,Sara Iyer,saraiyer911@outlook.com,USA,04-02-22,,abc,invalid_signup_date;invalid_currency;invalid_credit_score;duplicate_customer_id
10622,Omar Lee,omarlee915@company.com,USA,21-01-2021,,,invalid_signup_date;missing_account_status
10623,Omar Lee,omarlee239@company.com,India,2021-12-28,2021-12-28,582,active_requires_verified_kyc
10624,Alice Patel,alicepatel167@gmail.com,India,2020/09/03,,682,invalid_signup_date;active_requires_verified_kyc;missing_kyc_for_active_account
10625,Arjun Singh,arjunsingh969@company.com,India,2020/05/13,,695,invalid_signup_date
10626,Meera Kumar,meerakumar144@yahoo.com,USA,2020-03-20,2020-03-20,625,duplicate_customer_id
10627,Miguel Kim,,USA,2020/03/02,,718,invalid_signup_date
10628,John Garcia,johngarcia162@yahoo.com,USA,31/01/2020,,580,invalid_signup_date;invalid_balance;active_requires_verified_kyc;missing_kyc_for_active_account
10629,Miguel Johnson,migueljohnson980@company.com,USA,2022/09/05,,676,invalid_signup_date;invalid_currency
10630,Meera Johnson,meerajohnson728@company.com,USA,09-30-23,,607,invalid_signup_date;invalid_balance;active_requires_verified_kyc
10631,Chen Lee,bad-email@@,USA,,,640,invalid_signup_date;invalid_email;missing_account_status
10632,Omar Das,omardas262@yahoo.com,India,09-25-22,,682,invalid_signup_date
10633,Alice Garcia,alicegarcia315@company.com,USA,06-12-22,,628,invalid_signup_date;missing_account_status
10634,Nina Das,ninadas820@gmail.com,,01-12-22,,656,invalid_signup_date;invalid_currency
10635,Meera Johnson,,USA,2021/08/30,,740,invalid_signup_date
10636,Alice Smith,alicesmith843@outlook.com,USA,2021/05/11,,645,invalid_signup_date;active_requires_verified_kyc
10636,Alice Smith,alicesmith843@outlook.com,USA,2021/05/11,,645,invalid_signup_date;active_requires_verified_kyc;duplicate_customer_id
10637,Omar Kumar,omarkumar779@company.com,India,2020-01-23,2020-01-23,730,active_requires_verified_kyc
10638,David Smith,davidsmith642@gmail.com,USA,05-22-22,,612,invalid_signup_date;missing_account_status
10639,Omar Iyer,omariyer59@outlook.com,USA,27/07/2021,,711,invalid_signup_date;invalid_currency
10640,David Patel,davidpatel575@outlook.com,USA,05-27-23,,,invalid_signup_date;active_requires_verified_kyc;missing_kyc_for_active_account
10641,Omar Rao,omarrao736@outlook.com,USA,2021/12/12,,766,invalid_signup_date
10642,Chen Smith,chensmith368@company.com,India,22-12-2021,,531,invalid_signup_date
10643,Ravi Wilson,raviwilson632@company.com,,11/04/2021,2021-11-04,632,active_requires_verified_kyc
10644,Miguel Brown,miguelbrown17@company.com,USA,01-23-21,,714,invalid_signup_date
10645,David Kumar,davidkumar137@outlook.com,USA,31/07/2020,,667,invalid_signup_date
10646,Meera Lee,meeralee149@yahoo.com,USA,30-08-2021,,702,invalid_signup_date;missing_account_status
10647,Li Das,lidas442@company.com,India,16-01-2022,,643,invalid_signup_date
10648,Nina Lee,ninalee477@yahoo.com,India,2023-03-22,2023-03-22,685,active_requires_verified_kyc;missing_kyc_for_active_account
10650,Chen Kim,chenkim884@company.com,USA,2023-06-02,2023-06-02,750,missing_account_status
10651,John Shah,johnshah92@company.com,USA,04-06-22,,695,invalid_signup_date
10652,David Singh,davidsingh348@gmail.com,USA,07-11-20,,,invalid_signup_date;invalid_currency;missing_account_status
10653,,user880@company.com,USA,19-12-2020,,700,missing_full_name;invalid_signup_date
10654,Asha Wilson,ashawilson827@gmail.com,India,2021-08-19,2021-08-19,655,missing_account_status
10655,Alice Shah,aliceshah145@company.com,India,02-10-2022,,,invalid_signup_date;invalid_currency;active_requires_verified_kyc;missing_kyc_for_active_account
10656,Li Garcia,ligarcia290@yahoo.com,India,2020/10/04,,650,invalid_signup_date
10657,Chen Johnson,chenjohnson193@gmail.com,USA,09-20-21,,654,invalid_signup_date
10658,Li Garcia,ligarcia698@company.com,USA,2021-03-15,2021-03-15,703,active_requires_verified_kyc
10659,Li Patel,bad-email@@,India,12/09/2023,2023-12-09,654,invalid_email;active_requires_verified_kyc
10660,Li Wilson,liwilson420@company.com,USA,2022/05/01,,697,invalid_signup_date
10660,Li Wilson,liwilson420@company.com,USA,2022/05/01,,697,invalid_signup_date;duplicate_customer_id
10661,Alice Kumar,alicekumar550@yahoo.com,India,08/12/2020,2020-08-12,804,missing_account_status
10662,Priya Lee,priyalee491@outlook.com,USA,2021-13-01,,732,invalid_signup_date;active_requires_verified_kyc
10664,Omar Rao,omarrao864@gmail.com,India,05-17-23,,752,invalid_signup_date
10665,Ravi Kim,,India,2021-13-01,,,invalid_signup_date;invalid_currency;active_requires_verified_kyc;missing_kyc_for_active_account
10666,Omar Wilson,omarwilson290@outlook.com,USA,09-07-2022,,655,invalid_signup_date
10668,Sara Brown,sarabrown252@yahoo.com,India,30-12-2023,,619,invalid_signup_date;active_requires_verified_kyc;missing_kyc_for_active_account
10669,Alice Garcia,alicegarcia53@outlook.com,India,20/03/2021,,567,invalid_signup_date
10670,Chen Kumar,chenkumar155@yahoo.com,USA,2021/10/10,,658,invalid_signup_date;missing_account_status
10671,,user874@company.com,USA,03/10/2021,2021-03-10,681,missing_full_name
10672,Karthik Kumar,karthikkumar122@outlook.com,,2023/06/20,,780,invalid_signup_date
10673,Priya Kumar,priyakumar954@company.com,USA,04-12-23,,699,invalid_signup_date
10674,Alice Kim,alicekim300@company.com,USA,12-27-21,,666,invalid_signup_date;invalid_balance
10675,John Shah,johnshah444@outlook.com,India,23/03/2020,,729,invalid_signup_date
10676,John Rao,johnrao376@company.com,,2022/05/19,,547,invalid_signup_date
10677,Miguel Patel,,USA,07-08-2020,,694,invalid_signup_date;invalid_currency
10678,Nina Shah,ninashah805@company.com,USA,2021-13-01,,726,invalid_signup_date
10678,Nina Shah,ninashah805@company.com,USA,2021-13-01,,726,invalid_signup_date;duplicate_customer_id
10679,,,India,07-04-23,,591,missing_full_name;invalid_signup_date;active_requires_verified_kyc
10680,Meera Johnson,meerajohnson717@yahoo.com,USA,2023-12-10,2023-12-10,748,missing_account_status
10682,Nina Shah,ninashah462@company.com,India,10/09/2022,2022-10-09,655,missing_account_status
10684,Meera Smith,meerasmith234@company.com,India,09-23-22,,816,invalid_signup_date;active_requires_verified_kyc
10685,Priya Das,priyadas647@company.com,USA,24/11/2021,,690,invalid_signup_date
10686,Sara Rao,sararao650@company.com,USA,07-28-21,,694,invalid_signup_date;invalid_currency;missing_account_status
10687,John Brown,johnbrown639@yahoo.com,India,06-15-20,,652,invalid_signup_date
10687,John Brown,johnbrown639@yahoo.com,India,06-15-20,,652,invalid_signup_date;active_requires_verified_kyc;duplicate_customer_id
10688,Meera Shah,,India,2023/06/25,,629,invalid_signup_date;missing_account_status
10689,John Rao,johnrao255@company.com,USA,2022-05-16,2022-05-16,abc,invalid_credit_score
10690,Chen Brown,,India,22/07/2022,,729,invalid_signup_date
10691,John Shah,johnshah335@yahoo.com,USA,11/08/2023,2023-11-08,,missing_account_status
10692,Karthik Kumar,karthikkumar996@company.com,India,2021-11-23,2021-11-23,628,active_requires_verified_kyc
10693,John Shah,bad-email@@,India,2021-13-01,,684,invalid_signup_date;invalid_email;invalid_balance
10694,Omar Rao,omarrao205@gmail.com,USA,,,651,invalid_signup_date
10695,Sara Garcia,saragarcia343@company.com,India,31/10/2021,,708,invalid_signup_date;missing_account_status
10696,Nina Rao,ninarao908@yahoo.com,India,2021-13-01,,700,invalid_signup_date
10697,Meera Iyer,meeraiyer469@company.com,USA,17-05-2023,,742,invalid_signup_date
10698,Miguel Smith,miguelsmith100@yahoo.com,USA,23-01-2022,,649,invalid_signup_date;active_requires_verified_kyc
10700,Omar Singh,,USA,2022/06/04,,621,invalid_signup_date
10701,Meera Lee,meeralee895@gmail.com,USA,2023/02/18,,653,invalid_signup_date
10702,Ravi Brown,ravibrown595@yahoo.com,USA,2022/02/01,,702,invalid_signup_date;missing_account_status
10703,Omar Iyer,omariyer912@yahoo.com,USA,12-04-21,,725,invalid_signup_date
10705,Meera Nguyen,meeranguyen232@gmail.com,USA,14-11-2020,,732,invalid_signup_date;active_requires_verified_kyc
10706,Meera Smith,,India,04-09-2020,,,invalid_signup_date;invalid_currency;invalid_balance
10707,Arjun Brown,arjunbrown651@outlook.com,USA,2023/10/22,,761,invalid_signup_date;active_requires_verified_kyc;missing_kyc_for_active_account
10708,John Singh,,USA,2020/06/26,,704,invalid_signup_date
10709,Chen Rao,chenrao98@outlook.com,USA,01-11-2023,,,invalid_signup_date;invalid_currency;missing_account_status
10710,John Johnson,johnjohnson179@outlook.com,USA,2021-13-01,,792,invalid_signup_date;active_requires_verified_kyc
10712,Sara Das,bad-email@@,,21/11/2023,,605,invalid_signup_date;invalid_email
10713,Miguel Kumar,miguelkumar681@yahoo.com,India,07-02-22,,,invalid_signup_date
10714,Arjun Smith,arjunsmith116@gmail.com,,,,573,invalid_signup_date;active_requires_verified_kyc
10718,Asha Iyer,ashaiyer481@yahoo.com,India,2020/07/05,,676,invalid_signup_date
10719,Sara Johnson,sarajohnson286@outlook.com,India,2023/05/09,,696,invalid_signup_date
10720,Ravi Patel,ravipatel211@yahoo.com,India,2021/01/09,,612,invalid_signup_date;invalid_currency
10721,John Patel,johnpatel466@outlook.com,,10/04/2023,2023-10-04,826,active_requires_verified_kyc;missing_kyc_for_active_account
10723,Li Johnson,lijohnson634@yahoo.com,India,05/02/2023,2023-05-02,686,active_requires_verified_kyc
10724,Alice Patel,alicepatel471@yahoo.com,USA,,,723,invalid_signup_date
10725,Arjun Wilson,arjunwilson211@company.com,USA,,,708,invalid_signup_date
10726,Meera Lee,meeralee733@yahoo.com,India,2021/04/17,,,invalid_signup_date;invalid_currency;invalid_balance;missing_account_status
10727,Arjun Smith,arjunsmith92@outlook.com,USA,06/06/2021,2021-06-06,693,missing_account_status
10728,,user95@yahoo.com,,12/04/2020,2020-12-04,632,missing_full_name
10729,Nina Shah,ninashah296@yahoo.com,,2022/08/21,,708,invalid_signup_date;invalid_currency
10730,Li Kumar,likumar806@yahoo.com,USA,28-10-2021,,,invalid_signup_date;missing_account_status
10731,Asha Brown,ashabrown466@yahoo.com,USA,2023-12-25,2023-12-25,792,invalid_currency
10732,Miguel Garcia,miguelgarcia806@company.com,USA,05-29-21,,760,invalid_signup_date;active_requires_verified_kyc;missing_kyc_for_active_account
10733,John Brown,johnbrown446@yahoo.com,USA,07-10-22,,775,invalid_signup_date;active_requires_verified_kyc
10734,Priya Kumar,priyakumar919@yahoo.com,USA,2021-13-01,,649,invalid_signup_date
10735,Sara Lee,saralee104@gmail.com,USA,,,999,invalid_signup_date;invalid_currency;invalid_credit_score
10736,Miguel Iyer,migueliyer683@gmail.com,,02-01-24,,620,invalid_signup_date;active_requires_verified_kyc
10737,John Johnson,,USA,2021/02/02,,672,invalid_signup_date
10737,John Johnson,,USA,2021/02/02,,672,invalid_signup_date;duplicate_customer_id
10738,Meera Iyer,meeraiyer117@outlook.com,USA,2023/10/02,,683,invalid_signup_date;invalid_currency
10740,Meera Kim,meerakim949@yahoo.com,USA,11-29-23,,578,invalid_signup_date
10740,Meera Kim,meerakim949@yahoo.com,USA,11-29-23,,578,invalid_signup_date;duplicate_customer_id
10741,Asha Singh,ashasingh342@gmail.com,India,30/08/2020,,771,invalid_signup_date
10742,Nina Singh,ninasingh816@gmail.com,USA,11-03-20,,670,invalid_signup_date
10743,Miguel Wilson,miguelwilson42@gmail.com,USA,26/09/2021,,,invalid_signup_date;active_requires_verified_kyc;missing_kyc_for_active_account
10744,Nina Johnson,ninajohnson142@company.com,USA,08-04-22,,654,invalid_signup_date
10745,Karthik Johnson,karthikjohnson429@outlook.com,India,25/09/2021,,619,invalid_signup_date;active_requires_verified_kyc
10746,Nina Lee,ninalee953@gmail.com,,02-02-24,,580,invalid_signup_date;active_requires_verified_kyc
10747,Priya Iyer,priyaiyer461@company.com,USA,2021/10/31,,729,invalid_signup_date
10748,Priya Johnson,priyajohnson40@outlook.com,USA,17/07/2023,,abc,invalid_signup_date;active_requires_verified_kyc;missing_kyc_for_active_account;invalid_credit_score
10749,Karthik Singh,karthiksingh446@yahoo.com,USA,07-20-22,,684,invalid_signup_date;active_requires_verified_kyc;missing_kyc_for_active_account
10750,Nina Nguyen,ninanguyen461@yahoo.com,India,2021-09-06,2021-09-06,200,active_requires_verified_kyc;invalid_credit_score
10751,David Garcia,davidgarcia17@outlook.com,,09/02/2024,2024-09-02,602,missing_account_status
10753,Karthik Rao,karthikrao895@yahoo.com,USA,07-01-2020,,659,invalid_signup_date;active_requires_verified_kyc
10754,Chen Patel,chenpatel398@yahoo.com,India,21/01/2023,,780,invalid_signup_date;active_requires_verified_kyc
10755,Chen Shah,chenshah812@outlook.com,USA,07-31-20,,664,invalid_signup_date;missing_account_status
10756,Priya Singh,priyasingh38@gmail.com,USA,,,589,invalid_signup_date;invalid_currency;active_requires_verified_kyc
10757,Nina Kumar,ninakumar123@company.com,USA,30/07/2023,,665,invalid_signup_date
10758,Karthik Brown,,India,2021-13-01,,663,invalid_signup_date
10759,Sara Kim,sarakim238@gmail.com,USA,20/07/2021,,518,invalid_signup_date;missing_account_status
10760,Chen Kim,,USA,09/07/2020,2020-09-07,,invalid_currency;missing_account_status
10761,Ravi Nguyen,ravinguyen84@yahoo.com,India,10-12-2020,,200,invalid_signup_date;invalid_credit_score
10761,Ravi Nguyen,ravinguyen84@yahoo.com,India,10-12-2020,,200,invalid_signup_date;invalid_credit_score;duplicate_customer_id
10763,David Shah,bad-email@@,USA,04-10-22,,666,invalid_signup_date;invalid_email;active_requires_verified_kyc
10764,Arjun Kumar,arjunkumar589@gmail.com,USA,27-08-2023,,,invalid_signup_date;active_requires_verified_kyc
10765,Arjun Singh,arjunsingh680@outlook.com,India,24-07-2023,,721,invalid_signup_date
10767,Meera Rao,meerarao277@outlook.com,USA,10-09-2022,,747,invalid_signup_date;missing_account_status
10768,David Wilson,davidwilson21@outlook.com,USA,2023-03-07,2023-03-07,663,invalid_currency;missing_account_status
10769,,user582@outlook.com,India,2020/01/03,,613,missing_full_name;invalid_signup_date;invalid_currency
10770,Arjun Iyer,arjuniyer47@company.com,India,2021/12/31,,834,invalid_signup_date
10771,Li Patel,,,22-06-2022,,999,invalid_signup_date;active_requires_verified_kyc;invalid_credit_score
10772,Alice Das,alicedas46@yahoo.com,USA,12/11/2023,2023-12-11,abc,active_requires_verified_kyc;invalid_credit_score
10773,David Smith,davidsmith772@company.com,USA,2021-13-01,,,invalid_signup_date;missing_account_status
10774,Meera Wilson,meerawilson63@outlook.com,USA,04-07-21,,683,invalid_signup_date;invalid_balance
10775,,user112@outlook.com,USA,18-11-2020,,680,missing_full_name;invalid_signup_date;missing_account_status
10776,Ravi Wilson,raviwilson977@yahoo.com,USA,20-05-2022,,678,invalid_signup_date;invalid_currency;active_requires_verified_kyc
10777,Li Kumar,likumar574@gmail.com,USA,03-19-22,,,invalid_signup_date;invalid_currency
10778,Alice Lee,alicelee266@gmail.com,India,11-11-21,,691,invalid_signup_date;invalid_currency
10780,Karthik Shah,karthikshah737@gmail.com,USA,24/12/2021,,645,invalid_signup_date
10781,Karthik Kim,karthikkim514@company.com,USA,2021/10/05,,647,invalid_signup_date
10782,Arjun Singh,arjunsingh817@yahoo.com,India,13-11-2022,,,invalid_signup_date
10783,,user421@yahoo.com,,07-31-22,,678,missing_full_name;invalid_signup_date;missing_account_status
10784,Karthik Patel,karthikpatel268@gmail.com,India,11-08-2023,,647,invalid_signup_date
10785,Nina Shah,ninashah418@company.com,India,2020-11-20,2020-11-20,637,missing_account_status
10786,Omar Singh,omarsingh776@company.com,India,27-03-2020,,686,invalid_signup_date
10789,Chen Patel,chenpatel247@yahoo.com,USA,16-07-2023,,520,invalid_signup_date;invalid_currency
10790,Sara Singh,,,04-13-22,,,invalid_signup_date
10791,Alice Garcia,alicegarcia251@gmail.com,USA,2021/11/14,,745,invalid_signup_date
10792,John Patel,johnpatel892@gmail.com,,08-02-23,,754,invalid_signup_date;active_requires_verified_kyc;missing_kyc_for_active_account
10793,Nina Nguyen,ninanguyen282@outlook.com,India,2021/11/22,,,invalid_signup_date
10794,Chen Das,chendas439@outlook.com,USA,04-04-20,,200,invalid_signup_date;invalid_credit_score
10795,Chen Smith,chensmith329@gmail.com,India,23-07-2020,,555,invalid_signup_date;invalid_currency;missing_account_status
10796,Ravi Nguyen,ravinguyen298@company.com,USA,25-08-2020,,659,invalid_signup_date;invalid_currency
10797,John Lee,johnlee55@gmail.com,USA,28/09/2023,,657,invalid_signup_date;missing_account_status
10799,Nina Lee,ninalee22@company.com,,09-26-21,,633,invalid_signup_date
10800,Li Smith,lismith656@outlook.com,USA,2022/07/25,,613,invalid_signup_date
10801,Karthik Kumar,karthikkumar857@gmail.com,India,07/01/2020,2020-07-01,785,missing_account_status
10802,Sara Garcia,saragarcia96@company.com,,02-22-22,,,invalid_signup_date
10803,Chen Garcia,chengarcia258@gmail.com,India,2021/06/30,,736,invalid_signup_date;invalid_balance
10804,Arjun Nguyen,arjunnguyen57@gmail.com,USA,03-03-22,,756,invalid_signup_date
10805,Nina Patel,ninapatel418@outlook.com,USA,07-13-23,,723,invalid_signup_date;invalid_currency
10806,Ravi Smith,ravismith744@yahoo.com,USA,23-04-2022,,612,invalid_signup_date;invalid_currency
10807,Chen Johnson,,,10-13-23,,648,invalid_signup_date
10808,Karthik Kim,,USA,23-02-2021,,709,invalid_signup_date;invalid_currency;active_requires_verified_kyc
10809,Sara Singh,sarasingh913@gmail.com,,30/08/2021,,606,invalid_signup_date
10810,Meera Shah,meerashah548@outlook.com,USA,2020/10/17,,722,invalid_signup_date
10811,Karthik Kim,karthikkim753@company.com,USA,02-06-24,,665,invalid_signup_date
10811,Karthik Kim,karthikkim753@company.com,USA,02-06-24,,665,invalid_signup_date;duplicate_customer_id
10812,Nina Das,ninadas805@outlook.com,,2024/01/12,,657,invalid_signup_date;invalid_balance;active_requires_verified_kyc
10813,Ravi Patel,ravipatel645@yahoo.com,India,02-11-2021,,722,invalid_signup_date;missing_account_status
10814,Chen Kim,chenkim336@yahoo.com,USA,07-24-22,,706,invalid_signup_date;missing_account_status
10815,John Wilson,bad-email@@,India,09-18-23,,658,invalid_signup_date;invalid_email
10816,David Brown,davidbrown986@outlook.com,USA,2023/11/24,,749,invalid_signup_date;active_requires_verified_kyc
10817,Chen Patel,chenpatel507@outlook.com,,2022/10/05,,615,invalid_signup_date
10818,Omar Garcia,,USA,29-10-2023,,716,invalid_signup_date;invalid_balance
10819,David Kim,davidkim873@company.com,India,03/07/2021,2021-03-07,715,missing_account_status
10820,David Das,daviddas560@yahoo.com,USA,2021/11/27,,661,invalid_signup_date
10822,Chen Shah,chenshah199@gmail.com,India,07-10-23,,604,invalid_signup_date
10823,David Das,,India,2021/03/06,,735,invalid_signup_date;active_requires_verified_kyc
10824,Karthik Patel,karthikpatel47@company.com,USA,25/06/2023,,668,invalid_signup_date
10825,Karthik Iyer,karthikiyer776@yahoo.com,USA,14/01/2020,,648,invalid_signup_date;active_requires_verified_kyc
10826,Sara Wilson,sarawilson552@outlook.com,USA,26/07/2021,,742,invalid_signup_date
10827,Asha Nguyen,ashanguyen981@company.com,USA,,,abc,invalid_signup_date;invalid_credit_score
10828,Meera Kumar,meerakumar819@gmail.com,India,2021-10-11,2021-10-11,637,invalid_currency;active_requires_verified_kyc;missing_kyc_for_active_account
10829,Arjun Singh,arjunsingh148@outlook.com,USA,14-11-2023,,595,invalid_signup_date;active_requires_verified_kyc
10830,Miguel Brown,miguelbrown539@gmail.com,India,12-20-20,,586,invalid_signup_date;missing_account_status
10831,John Kim,,India,30/04/2022,,716,invalid_signup_date
10832,Sara Johnson,sarajohnson496@company.com,USA,15-02-2022,,603,invalid_signup_date;invalid_currency
10833,Li Iyer,liiyer65@yahoo.com,USA,08-11-2023,,785,invalid_signup_date;invalid_currency
10834,Arjun Kim,arjunkim819@outlook.com,India,09-08-23,,555,invalid_signup_date
10835,David Johnson,davidjohnson755@outlook.com,USA,24-03-2021,,781,invalid_signup_date
10836,Nina Wilson,ninawilson192@gmail.com,USA,2022-06-20,2022-06-20,692,invalid_currency
10837,Ravi Smith,ravismith138@gmail.com,India,2022-03-24,2022-03-24,674,missing_account_status
10837,Ravi Smith,ravismith138@gmail.com,India,2022-03-24,2022-03-24,674,missing_account_status;duplicate_customer_id
10838,Li Kim,likim243@yahoo.com,,2022-03-18,2022-03-18,647,invalid_currency;active_requires_verified_kyc
10839,Priya Patel,priyapatel893@yahoo.com,USA,16-02-2020,,703,invalid_signup_date
10840,Asha Lee,ashalee85@outlook.com,India,11-07-23,,677,invalid_signup_date
10842,Meera Kim,meerakim301@gmail.com,India,2022/06/02,,686,invalid_signup_date
10843,Omar Singh,omarsingh881@company.com,USA,26/03/2023,,689,invalid_signup_date;missing_account_status
10844,Li Shah,,India,01-05-24,,200,invalid_signup_date;invalid_credit_score
10845,Arjun Johnson,arjunjohnson266@gmail.com,USA,2020-11-15,2020-11-15,,active_requires_verified_kyc
10846,John Iyer,johniyer437@outlook.com,USA,24-04-2022,,658,invalid_signup_date;invalid_balance
10847,David Smith,davidsmith930@company.com,USA,10-13-22,,676,invalid_signup_date;active_requires_verified_kyc
10848,David Iyer,davidiyer473@company.com,USA,2021-13-01,,,invalid_signup_date;active_requires_verified_kyc;missing_kyc_for_active_account
10849,Karthik Lee,,USA,2021-07-19,2021-07-19,,invalid_currency;active_requires_verified_kyc;missing_kyc_for_active_account
10850,,user475@gmail.com,USA,2021-13-01,,698,missing_full_name;invalid_signup_date
10851,Meera Das,meeradas26@yahoo.com,USA,2023/03/03,,577,invalid_signup_date;invalid_balance;active_requires_verified_kyc;missing_kyc_for_active_account
10852,Chen Wilson,chenwilson843@yahoo.com,USA,2021/06/04,,599,invalid_signup_date
10854,Omar Rao,bad-email@@,India,2023-09-29,2023-09-29,690,invalid_email;invalid_currency;missing_account_status
10855,Priya Shah,priyashah605@outlook.com,USA,2023-11-04,2023-11-04,668,invalid_currency
10856,Meera Wilson,meerawilson216@yahoo.com,,10-03-23,,681,invalid_signup_date
10857,Meera Iyer,,USA,12-01-2023,,700,invalid_signup_date
10859,Ravi Kumar,ravikumar535@company.com,,04-22-21,,633,invalid_signup_date
10859,Ravi Kumar,ravikumar535@company.com,,04-22-21,,633,invalid_signup_date;duplicate_customer_id
10861,Omar Kim,omarkim274@gmail.com,USA,20/04/2023,,621,invalid_signup_date;active_requires_verified_kyc
10862,Omar Kim,omarkim342@yahoo.com,USA,2021-12-26,2021-12-26,704,active_requires_verified_kyc
10863,Arjun Singh,arjunsingh27@outlook.com,India,07-16-22,,,invalid_signup_date;missing_account_status
10864,Arjun Johnson,arjunjohnson273@yahoo.com,,03-30-22,,,invalid_signup_date;active_requires_verified_kyc
10866,Alice Lee,alicelee350@gmail.com,USA,2021-05-24,2021-05-24,741,active_requires_verified_kyc
10867,Alice Singh,bad-email@@,India,28/11/2023,,708,invalid_signup_date;invalid_email;invalid_currency
10868,Karthik Garcia,karthikgarcia473@outlook.com,,2020-10-24,2020-10-24,695,invalid_currency
10869,Omar Garcia,omargarcia714@outlook.com,,20/06/2022,,738,invalid_signup_date
10870,Li Nguyen,linguyen370@outlook.com,India,2023/11/28,,779,invalid_signup_date;active_requires_verified_kyc
10871,Li Shah,lishah336@company.com,India,,,,invalid_signup_date;missing_account_status
10872,Arjun Singh,arjunsingh442@outlook.com,USA,2022-04-20,2022-04-20,740,invalid_currency
10873,David Das,daviddas436@gmail.com,USA,11/05/2021,2021-11-05,569,invalid_currency;active_requires_verified_kyc
10874,Miguel Smith,,USA,24-11-2020,,603,invalid_signup_date
10875,David Rao,davidrao547@company.com,,,,642,invalid_signup_date;missing_account_status
10876,Nina Kim,ninakim954@gmail.com,India,02-07-2022,,681,invalid_signup_date;active_requires_verified_kyc
10877,Miguel Iyer,migueliyer888@outlook.com,,2020/04/08,,711,invalid_signup_date;invalid_currency;missing_account_status
10878,David Brown,davidbrown49@company.com,USA,2023/10/16,,636,invalid_signup_date
10879,Karthik Nguyen,karthiknguyen699@outlook.com,USA,2022/07/12,,691,invalid_signup_date
10882,Arjun Smith,arjunsmith705@company.com,USA,08-31-22,,595,invalid_signup_date;invalid_currency
10883,Asha Garcia,ashagarcia601@outlook.com,,19-11-2022,,624,invalid_signup_date;active_requires_verified_kyc;missing_kyc_for_active_account
10883,Asha Garcia,ashagarcia601@outlook.com,,19-11-2022,,624,invalid_signup_date;active_requires_verified_kyc;missing_kyc_for_active_account;duplicate_customer_id
10884,Arjun Lee,,USA,02-01-24,,598,invalid_signup_date;invalid_currency
10885,Ravi Patel,ravipatel31@outlook.com,USA,11-17-20,,621,invalid_signup_date;invalid_balance;missing_account_status
10886,John Smith,,,2022/03/01,,743,invalid_signup_date;missing_account_status
10887,Chen Patel,chenpatel920@yahoo.com,,15/08/2021,,,invalid_signup_date;invalid_currency;missing_account_status
10888,Meera Brown,meerabrown853@company.com,USA,2020-03-12,2020-03-12,,invalid_currency;active_requires_verified_kyc
10889,Asha Patel,ashapatel447@gmail.com,USA,2023/09/30,,,invalid_signup_date;active_requires_verified_kyc
10890,John Das,johndas629@outlook.com,India,2021-13-01,,623,invalid_signup_date
10891,Nina Singh,ninasingh541@gmail.com,India,2023/01/10,,837,invalid_signup_date;active_requires_verified_kyc;missing_kyc_for_active_account
10892,Alice Nguyen,alicenguyen130@yahoo.com,USA,27-06-2020,,709,invalid_signup_date;missing_account_status
10893,John Das,johndas957@company.com,USA,2020/05/29,,691,invalid_signup_date
10894,Omar Das,omardas95@company.com,USA,2020/10/09,,628,invalid_signup_date
10895,Karthik Brown,karthikbrown327@gmail.com,USA,2021-13-01,,722,invalid_signup_date
10896,Miguel Rao,miguelrao471@gmail.com,USA,08-03-2021,,645,invalid_signup_date;missing_account_status
10899,Arjun Nguyen,bad-email@@,USA,2021-06-09,2021-06-09,674,invalid_email
10899,Arjun Nguyen,bad-email@@,USA,2021-06-09,2021-06-09,674,invalid_email;duplicate_customer_id
10900,Arjun Brown,arjunbrown785@outlook.com,USA,2022-04-26,2022-04-26,748,invalid_balance
10901,,user228@outlook.com,USA,2020/05/20,,637,missing_full_name;invalid_signup_date
10901,,user228@outlook.com,USA,2020/05/20,,637,missing_full_name;invalid_signup_date;duplicate_customer_id
10902,Arjun Wilson,arjunwilson764@gmail.com,USA,06-07-2022,,677,invalid_signup_date;missing_account_status
10902,Arjun Wilson,arjunwilson764@gmail.com,USA,06-07-2022,,677,invalid_signup_date;missing_account_status;duplicate_customer_id
10903,David Singh,davidsingh343@company.com,USA,2022/07/01,,786,invalid_signup_date;active_requires_verified_kyc
10907,Priya Patel,priyapatel475@yahoo.com,,11/04/2020,2020-11-04,abc,invalid_currency;invalid_credit_score
10908,David Das,daviddas4@gmail.com,India,14-12-2021,,646,invalid_signup_date
10909,Sara Kim,sarakim355@company.com,India,02-04-22,,717,invalid_signup_date;invalid_currency;active_requires_verified_kyc;missing_kyc_for_active_account
10910,Miguel Kim,miguelkim735@outlook.com,USA,2021-13-01,,738,invalid_signup_date
10911,Li Brown,bad-email@@,USA,2022/10/02,,717,invalid_signup_date;invalid_email
10912,Alice Iyer,aliceiyer643@gmail.com,USA,09-16-23,,585,invalid_signup_date
10914,Miguel Kim,miguelkim332@outlook.com,USA,28-06-2020,,636,invalid_signup_date
10915,Sara Garcia,saragarcia912@outlook.com,USA,11-24-23,,665,invalid_signup_date
10917,Priya Rao,priyarao391@gmail.com,,2022-11-24,2022-11-24,717,invalid_currency;missing_account_status
10918,Ravi Das,ravidas888@company.com,USA,2023-09-08,2023-09-08,200,missing_account_status;invalid_credit_score
10919,Ravi Smith,ravismith286@outlook.com,India,06-02-2024,,690,invalid_signup_date
10920,Li Smith,lismith284@gmail.com,USA,24-03-2021,,599,invalid_signup_date;invalid_currency;active_requires_verified_kyc
10921,Sara Kim,,India,2021-13-01,,702,invalid_signup_date;invalid_currency;missing_account_status
10922,Karthik Lee,karthiklee668@gmail.com,USA,2023-05-10,2023-05-10,716,active_requires_verified_kyc;missing_kyc_for_active_account
10923,Chen Smith,chensmith69@company.com,USA,13-03-2022,,713,invalid_signup_date;active_requires_verified_kyc;missing_kyc_for_active_account
10924,Miguel Singh,miguelsingh393@gmail.com,India,2023/12/05,,744,invalid_signup_date
10924,Miguel Singh,miguelsingh393@gmail.com,India,2023/12/05,,744,invalid_signup_date;invalid_balance;duplicate_customer_id
10925,Meera Shah,meerashah582@yahoo.com,USA,2021-12-05,2021-12-05,730,active_requires_verified_kyc
10926,Arjun Shah,arjunshah964@company.com,,25/11/2023,,707,invalid_signup_date;active_requires_verified_kyc;missing_kyc_for_active_account
10927,Arjun Kumar,arjunkumar674@gmail.com,USA,23-06-2021,,675,invalid_signup_date
10928,David Lee,bad-email@@,India,2020-06-07,2020-06-07,999,invalid_email;invalid_credit_score
10929,Arjun Nguyen,arjunnguyen740@company.com,India,12/02/2021,2021-12-02,580,active_requires_verified_kyc;missing_kyc_for_active_account
10930,Sara Johnson,sarajohnson587@gmail.com,India,20/06/2023,,705,invalid_signup_date
10931,,user377@yahoo.com,USA,28-06-2021,,692,missing_full_name;invalid_signup_date;missing_account_status
10932,Miguel Johnson,migueljohnson581@outlook.com,USA,2021/03/26,,abc,invalid_signup_date;missing_account_status;invalid_credit_score
10933,Li Garcia,ligarcia326@company.com,USA,04/03/2021,2021-04-03,696,missing_account_status
10934,Meera Shah,meerashah709@gmail.com,,21/04/2022,,603,invalid_signup_date;missing_account_status
10935,John Shah,johnshah835@company.com,USA,06-18-22,,615,invalid_signup_date
10936,Ravi Brown,ravibrown123@yahoo.com,USA,02-24-20,,743,invalid_signup_date;active_requires_verified_kyc;missing_kyc_for_active_account
10938,Miguel Lee,miguellee233@outlook.com,India,,,720,invalid_signup_date
10938,Miguel Lee,miguellee233@outlook.com,India,,,720,invalid_signup_date;duplicate_customer_id
10939,Alice Kim,,USA,04-03-20,,681,invalid_signup_date
10940,Alice Brown,alicebrown915@yahoo.com,,10-20-23,,,invalid_signup_date
10941,Sara Iyer,saraiyer994@yahoo.com,India,15-11-2023,,abc,invalid_signup_date;active_requires_verified_kyc;missing_kyc_for_active_account;invalid_credit_score
10943,Omar Patel,omarpatel283@outlook.com,USA,2021-04-28,2021-04-28,736,missing_account_status
10945,David Patel,,India,2021/11/06,,685,invalid_signup_date
10946,Chen Kumar,,USA,09-06-2022,,652,invalid_signup_date;active_requires_verified_kyc
10947,Nina Singh,ninasingh416@outlook.com,USA,03-05-23,,653,invalid_signup_date;invalid_balance;missing_account_status
10947,Nina Singh,ninasingh416@outlook.com,USA,03-05-23,,653,invalid_signup_date;missing_account_status;duplicate_customer_id
10948,Karthik Garcia,karthikgarcia361@outlook.com,India,29-07-2023,,661,invalid_signup_date;invalid_currency;active_requires_verified_kyc;missing_kyc_for_active_account
10950,Li Smith,,USA,2023/02/23,,693,invalid_signup_date;missing_account_status
10951,Sara Singh,bad-email@@,India,2020-03-08,2020-03-08,651,invalid_email;active_requires_verified_kyc
10953,Nina Johnson,ninajohnson627@company.com,USA,15/12/2021,,626,invalid_signup_date
10954,Miguel Nguyen,miguelnguyen854@yahoo.com,India,07-18-21,,668,invalid_signup_date;missing_account_status
10955,Priya Rao,priyarao103@company.com,India,2020-11-18,2020-11-18,653,invalid_currency
10956,David Shah,davidshah484@company.com,USA,2020-09-14,2020-09-14,766,invalid_balance;active_requires_verified_kyc
10957,Alice Kumar,alicekumar342@outlook.com,USA,12-30-21,,691,invalid_signup_date
10958,Sara Garcia,saragarcia407@company.com,USA,2021-03-29,2021-03-29,741,invalid_balance
10959,Priya Johnson,priyajohnson20@gmail.com,India,2021/04/20,,590,invalid_signup_date;missing_account_status
10960,David Singh,davidsingh908@yahoo.com,USA,2023/08/17,,696,invalid_signup_date
10962,Alice Lee,bad-email@@,USA,25-03-2021,,,invalid_signup_date;invalid_email
10963,Sara Das,saradas178@gmail.com,India,07/08/2023,2023-07-08,684,missing_account_status
10964,Chen Kumar,,,2021/08/29,,743,invalid_signup_date
10966,Sara Shah,sarashah158@outlook.com,USA,12-07-2023,,,invalid_signup_date
10967,Chen Garcia,chengarcia970@yahoo.com,India,21-09-2022,,764,invalid_signup_date
10968,Sara Rao,sararao686@gmail.com,USA,2022-07-19,2022-07-19,817,missing_account_status
10969,Li Kim,likim177@gmail.com,USA,2020/10/18,,658,invalid_signup_date;active_requires_verified_kyc
10970,Chen Johnson,chenjohnson931@yahoo.com,India,01-04-20,,653,invalid_signup_date;active_requires_verified_kyc
10971,,user881@gmail.com,India,2023/06/11,,,missing_full_name;invalid_signup_date
10972,Omar Shah,omarshah425@company.com,India,02-07-2021,,767,invalid_signup_date;invalid_currency;missing_account_status
10973,Omar Brown,omarbrown607@yahoo.com,India,2020-08-27,2020-08-27,774,missing_account_status
10973,Omar Brown,omarbrown607@yahoo.com,India,2020-08-27,2020-08-27,774,missing_account_status;duplicate_customer_id
10974,Li Das,lidas681@company.com,USA,2020/03/28,,648,invalid_signup_date;missing_account_status
10974,Li Das,lidas681@company.com,USA,2020/03/28,,648,invalid_signup_date;missing_account_status;duplicate_customer_id
10975,,user722@yahoo.com,USA,2020-05-11,2020-05-11,654,missing_full_name
10976,Karthik Iyer,karthikiyer107@gmail.com,USA,23/12/2022,,663,invalid_signup_date
10977,Karthik Iyer,karthikiyer795@company.com,USA,2023/07/30,,599,invalid_signup_date;active_requires_verified_kyc
10978,Ravi Patel,bad-email@@,USA,03/04/2020,2020-03-04,624,invalid_email;invalid_currency;active_requires_verified_kyc;missing_kyc_for_active_account
10979,Asha Das,ashadas590@company.com,,16-07-2020,,abc,invalid_signup_date;invalid_credit_score
10980,Sara Kim,sarakim199@company.com,,,,619,invalid_signup_date
10981,Ravi Kim,ravikim676@yahoo.com,USA,2020/05/02,,633,invalid_signup_date
10983,,,USA,09-21-23,,694,missing_full_name;invalid_signup_date;invalid_currency;missing_account_status
10984,Alice Garcia,alicegarcia416@gmail.com,USA,2022/10/06,,773,invalid_signup_date
10986,Arjun Singh,arjunsingh547@outlook.com,USA,12-15-20,,,invalid_signup_date
10986,Arjun Singh,arjunsingh547@outlook.com,USA,12-15-20,,,invalid_signup_date;duplicate_customer_id
10987,Meera Nguyen,meeranguyen783@gmail.com,USA,02-09-2021,,739,invalid_signup_date;invalid_currency;missing_account_status
10988,John Garcia,,USA,2021/09/20,,667,invalid_signup_date;active_requires_verified_kyc;missing_kyc_for_active_account
10989,Asha Iyer,ashaiyer409@yahoo.com,,2022-12-28,2022-12-28,abc,invalid_credit_score
10990,Sara Kumar,,USA,2020/12/01,,677,invalid_signup_date;invalid_currency
10991,Meera Smith,meerasmith896@yahoo.com,USA,2021/11/06,,720,invalid_signup_date
10992,Miguel Smith,,India,04/04/2020,2020-04-04,612,missing_account_status
10993,Meera Wilson,meerawilson443@company.com,USA,2023-03-12,2023-03-12,abc,invalid_balance;active_requires_verified_kyc;missing_kyc_for_active_account;invalid_credit_score
10994,Arjun Brown,arjunbrown278@yahoo.com,India,12/09/2021,2021-12-09,,active_requires_verified_kyc
10995,John Singh,johnsingh332@gmail.com,India,06-05-23,,702,invalid_signup_date
10996,Priya Das,,USA,2021/09/21,,689,invalid_signup_date;invalid_currency
10997,John Iyer,johniyer342@company.com,India,2021-03-22,2021-03-22,709,active_requires_verified_kyc
10998,Meera Kim,meerakim507@outlook.com,USA,21/05/2022,,697,invalid_signup_date
10999,Asha Brown,,USA,25/10/2022,,827,invalid_signup_date;missing_account_status
